Top pages,Clicks,Impressions,CTR,Position
https://easyauto.ae/business/burj-khaibar-cars-auctions-branch-1/,119,3672,3.24%,7.55
https://easyauto.ae/business/perfect-cars-used-car-dealers-in-abu-dhabi/,100,7783,1.28%,16.5
https://easyauto.ae/business/mg-used-auto-engines-spare-parts-sharjah-uae/,100,2797,3.58%,8.21
https://easyauto.ae/business/madinat-zayed-recovery-services/,98,2129,4.6%,3.46
https://easyauto.ae/business/fujairah-recovery-ghurfa/,80,7711,1.04%,7.35
https://easyauto.ae/business/landmark-int-auto-spare-parts-trading-llc-jurf-ajman/,65,8089,0.8%,7.57
https://easyauto.ae/business/al-ras-used-cars-trd-ajman-car-souq-showroom-no-165/,61,3286,1.86%,14.21
https://easyauto.ae/business/ghayar-auto-spare-parts-al-quoz-branch/,59,3423,1.72%,9.43
https://easyauto.ae/business/chinese-car-parts-l-l-c-ajman-branch/,57,3736,1.53%,7.09
https://easyauto.ae/business/ssg-asia-auto-spare-parts-online-store/,57,2751,2.07%,8.46
https://easyauto.ae/business/tyre-house-trading-llc-ruwais/,51,1749,2.92%,4.91
https://easyauto.ae/business/auto-nation-cars-pre-owned-cars-showroom-in-ras-al-khaimah/,50,9344,0.54%,17.44
https://easyauto.ae/business/sajja-car-recovery-services/,48,2180,2.2%,9.25
https://easyauto.ae/business/emiratione-motors-watches/,45,2125,2.12%,7.06
https://easyauto.ae/business/landmark-int-llc-auto-spare-parts-sanaiya-al-ain-abu-dhabi/,43,3871,1.11%,8.73
https://easyauto.ae/business/baic-abu-dhabi-marwan-alshaali-group/,43,2447,1.76%,5.88
https://easyauto.ae/business/bh-performance/,43,1264,3.4%,5.42
https://easyauto.ae/,41,1765,2.32%,20.48
https://easyauto.ae/business/nxt-used-cars-sharjah/,38,3582,1.06%,15.18
https://easyauto.ae/business/cars-accessories-and-wrapping-ajman-uae/,37,2887,1.28%,8.72
https://easyauto.ae/business/chinese-car-parts-dubai/,35,1895,1.85%,30.4
https://easyauto.ae/business/autotrust-multi-brand-car-service-centre-abudhabi/,34,7520,0.45%,6.95
https://easyauto.ae/business/sparemax-auto-spare-parts-llc-musaffah-industrial-m-8-abu-dhabi/,34,2480,1.37%,10.51
https://easyauto.ae/business/baghdad-auto-spare-parts-trading-establishment/,33,4483,0.74%,8.78
https://easyauto.ae/business/car-wash-havoline-caltex-sharjah/,33,1595,2.07%,6.93
https://easyauto.ae/business/munich-auto-parts-trading-llc-german-car-parts-uae/,32,4406,0.73%,9.05
https://easyauto.ae/business/ajman-car-towing-service-near-me-car-recovery-service/,30,9450,0.32%,14.34
https://easyauto.ae/business/haval-tank-and-gwm-showroom-abu-dhabi-otaiba-st/,30,7744,0.39%,8.28
https://easyauto.ae/business/prowash-1050/,29,8570,0.34%,7.55
https://easyauto.ae/business/alba-cars-marina-mall-abu-dhabi/,29,2520,1.15%,8.69
https://easyauto.ae/business/byd-showroom-discovery-center-al-ain/,28,4843,0.58%,5.45
https://easyauto.ae/business/elite-auto-f-z-c/,28,840,3.33%,6.52
https://easyauto.ae/business/the-hawk-auto-machinery-equipment-and-spare-parts-trading/,27,1221,2.21%,5.62
https://easyauto.ae/business/abid-car-recovery-towing/,27,1025,2.63%,10.95
https://easyauto.ae/submit-business/,27,162,16.67%,14.37
https://easyauto.ae/business/copart-uae-auctions-llc-sharjah-branch/,25,4046,0.62%,10.66
https://easyauto.ae/business/nissan-spare-parts-center-musaffah-al-masaood-automobiles/,25,1380,1.81%,14.94
https://easyauto.ae/business/deutsches-auto-service-center-dascenter-ajman-german-car-specialists-garage-audi-bmw-vw-mercedes-porsche/,24,4093,0.59%,11.16
https://easyauto.ae/business/sharjah-recovery-services/,24,1128,2.13%,23.81
https://easyauto.ae/business/elegant-car-wash-polishing-office/,24,472,5.08%,7.22
https://easyauto.ae/business/mega-motorcycle-spare-parts-trading-llc/,23,2197,1.05%,11.47
https://easyauto.ae/business/kamdhenu-cars-abu-dhabi-uae-used-premium-second-hand-cars/,23,2091,1.1%,7.18
https://easyauto.ae/business/oasis-carwash/,22,2749,0.8%,6.58
https://easyauto.ae/business/car-recovery-in-dubai-iqbal/,22,933,2.36%,8.74
https://easyauto.ae/business/adnoc-service-station-production-city-329/,21,6888,0.3%,9.98
https://easyauto.ae/business/xa-auto-general-repairing-co-llc-tesla-approved-bodyshop/,21,6013,0.35%,7.68
https://easyauto.ae/business/oldtimer-motorcycles/,21,4542,0.46%,9.18
https://easyauto.ae/business/chery-abu-dhabi-service-center-awr-motors-llc/,21,2945,0.71%,6.45
https://easyauto.ae/business/naveed-recovery-service/,21,2046,1.03%,6.59
https://easyauto.ae/business/recovery-al-mirfa-recovery/,21,724,2.9%,5.65
https://easyauto.ae/business/buyanycar-com-al-ain-al-ain-mall/,21,723,2.9%,17.82
https://easyauto.ae/business/amc-motors-trading-llc-ajman/,20,7958,0.25%,8.86
https://easyauto.ae/business/citytrack-cars-services-detailing-bodyshop/,20,4880,0.41%,5.33
https://easyauto.ae/business/humaid-ali-trading-al-quoz-hyundaikiahondasuzukimazda-spare-parts/,20,3693,0.54%,6.16
https://easyauto.ae/business/bright-moon-auto-repair-workshop-l-l-c/,20,3319,0.6%,6.74
https://easyauto.ae/business/recovery-service-al-dhaid-rykfry-kryn-ldhyd/,20,913,2.19%,5.68
https://easyauto.ae/business/ezy-auto-accessories/,20,900,2.22%,4.54
https://easyauto.ae/business/adnoc-service-station-khalifa-city-766/,19,11417,0.17%,10.21
https://easyauto.ae/business/cars24-abu-dhabi-centre-buy-sell-used-cars/,19,10852,0.18%,26.92
https://easyauto.ae/business/prowash-85/,19,6932,0.27%,6.87
https://easyauto.ae/business/byd-showroom-discovery-center-abu-dhabi/,19,6292,0.3%,7.93
https://easyauto.ae/business/carolyn-auto-care-l-l-c-s-p-c/,19,5319,0.36%,6.58
https://easyauto.ae/business/majid-al-majid-auto-spare-parts-trading-llc-auto-spare-parts-company-sharjah-best-auto-spare-parts-shop-in-sharjah/,19,2958,0.64%,6.66
https://easyauto.ae/business/dongfeng-abu-dhabi-mahy-khoory-automotive/,19,2359,0.81%,7.61
https://easyauto.ae/business/hino-pickup-truckstoyota-sales-al-futtaim-motors-musaffah-abu-dhabi/,19,1773,1.07%,7.81
https://easyauto.ae/business/urwa-auto-spare-partshyundaikia-ras-al-khaima/,19,1128,1.68%,4.8
https://easyauto.ae/business/car-battery-mohammed-alam-khan-auto-repair-llc-opc-outside-home-service24-btry-lsyr-mhmd-aalm-khn-ltslyh-lsyr/,19,1086,1.75%,6.11
https://easyauto.ae/business/pitstop-automotive-service-llc-abu-dhabi/,18,3408,0.53%,11.58
https://easyauto.ae/business/cars-shipping-llc/,18,2647,0.68%,21.81
https://easyauto.ae/business/royal-track-auto-accessories-window-tinting-upholstery-sharjah/,18,2153,0.84%,10.96
https://easyauto.ae/business/first-gear-car-polish-and-cleaning/,18,1826,0.99%,5.35
https://easyauto.ae/business/milano-motors/,18,890,2.02%,9.18
https://easyauto.ae/business/ajman-recovery-services-zulfiqar/,18,813,2.21%,22.31
https://easyauto.ae/business/seven-stars-auto-spare-parts/,18,784,2.3%,8.2
https://easyauto.ae/business/soueast-showroom-sheikh-zayed-road-szr/,17,10946,0.16%,7.23
https://easyauto.ae/business/al-futtaim-automall-dubai-festival-city/,17,9690,0.18%,11.67
https://easyauto.ae/business/ring-road-auto-spare-parts-tr-llc-hyundai-kia-ajman/,17,1984,0.86%,7.57
https://easyauto.ae/business/classic-steam-car-wash/,17,1863,0.91%,27
https://easyauto.ae/business/abu-ismail-tyre-repair-shop/,17,1775,0.96%,5.09
https://easyauto.ae/business/baniyas-cars-showroom/,17,1552,1.1%,10.08
https://easyauto.ae/business/al-yousuf-motors-ras-al-khaimah/,17,1275,1.33%,9.56
https://easyauto.ae/business/one-click-car-recovery-services/,17,1238,1.37%,7.52
https://easyauto.ae/business/enoc-1077-jvc/,16,7110,0.23%,6.87
https://easyauto.ae/business/xpeng-uae-showroom-gulf-star-motors-ali-sons/,16,2977,0.54%,8.38
https://easyauto.ae/business/al-anoor-auto-garage-best-garage-in-umm-al-quwain-uae-al-raffah/,16,1982,0.81%,8.57
https://easyauto.ae/business/gulf-auto-spare-parts-trading-l-l-c/,16,1475,1.08%,8.57
https://easyauto.ae/business/ashraf-car-towing-car-recovery-service-ajman/,16,1337,1.2%,24.14
https://easyauto.ae/business/bombay-heavy-auto-spare-parts-trading-llc-fujairah-branch/,16,843,1.9%,12.53
https://easyauto.ae/business/al-sirag-second-hand-cars-showroom-l-l-c/,16,458,3.49%,17.21
https://easyauto.ae/business/ag-cars-services-llc-abu-dhabi/,15,8908,0.17%,8.95
https://easyauto.ae/business/prowash-7825/,15,4534,0.33%,6.7
https://easyauto.ae/business/prowash-1075/,15,3890,0.39%,8.43
https://easyauto.ae/business/prowash-1099/,15,2499,0.6%,7.13
https://easyauto.ae/business/vehicle-impound-yard-baniyas-2/,15,2444,0.61%,8.13
https://easyauto.ae/business/premier-auto-spare-parts-llc-rak-branch/,15,2218,0.68%,8.76
https://easyauto.ae/business/al-ras-ref-devices-spare-parts-trading-abu-dhabi/,15,1548,0.97%,8.66
https://easyauto.ae/business/sparemax-auto-spare-parts-llc-al-nakheel-ras-al-khaimah/,15,1546,0.97%,10.53
https://easyauto.ae/business/khf-automotive-trading-l-l-c-abu-dhabi/,15,1259,1.19%,6.22
https://easyauto.ae/business/fit-well-auto-parts-dubai/,15,808,1.86%,8.31
https://easyauto.ae/business/nada-gayathi-auto-parts/,15,554,2.71%,5.75
https://easyauto.ae/business/carnab-dubai-hub/,14,3833,0.37%,7.48
https://easyauto.ae/business/sparemax-auto-spare-parts-trading-llc-ras-al-khor-dubai/,14,1175,1.19%,10.16
https://easyauto.ae/business/tuning-uae-customs-garage-body-shop/,14,1145,1.22%,5.57
https://easyauto.ae/business/best-auto-parts-madinat-zayed-branch/,14,1089,1.29%,10.17
https://easyauto.ae/business/luxury-auto-used-spare-parts-uae-l-l-c/,14,848,1.65%,13.02
https://easyauto.ae/business/al-nayef-car-accessories-car-battery-electronics-repairing/,14,789,1.77%,5.81
https://easyauto.ae/business/shiners-premium-mobile-car-wash/,14,737,1.9%,7.28
https://easyauto.ae/business/dubai-sharjah-recovery-service/,14,611,2.29%,37.55
https://easyauto.ae/business/hyderabad-car-wash-sharjah/,14,556,2.52%,5.16
https://easyauto.ae/business/recovery-mirbah-fujairah/,14,443,3.16%,18.68
https://easyauto.ae/business/recovery-service-dibba/,14,433,3.23%,8.73
https://easyauto.ae/business/exeed-abu-dhabi-mussafah-al-ghurair-motors/,13,4543,0.29%,7.09
https://easyauto.ae/business/tank-haval-and-gwm-showroom-sharjah/,13,4136,0.31%,8.26
https://easyauto.ae/business/mg-motor-showroom-al-ain/,13,2865,0.45%,12.94
https://easyauto.ae/business/talas-tesla-auto-parts-industrial-area-4/,13,2091,0.62%,7.62
https://easyauto.ae/business/bab-alsatwa-car-accessories/,13,1988,0.65%,7.57
https://easyauto.ae/business/elf-expert-biba-car-wash-branch-3/,13,1745,0.74%,6.08
https://easyauto.ae/business/turbo-spa-mobile-car-wash/,13,1254,1.04%,34.7
https://easyauto.ae/business/dibba-al-fujairah-recovery-servicewnsh-db-lfyjrh/,13,922,1.41%,13.35
https://easyauto.ae/business/flex-car-wash-polish-detailing/,13,730,1.78%,10.05
https://easyauto.ae/business/maqam-carwash/,13,679,1.91%,4.39
https://easyauto.ae/business/zodiac-automobile-repair/,12,7375,0.16%,7.57
https://easyauto.ae/business/enoc-1029-discovery-gardens/,12,4949,0.24%,7.13
https://easyauto.ae/business/prowash-1060/,12,4024,0.3%,7.03
https://easyauto.ae/business/salute-auto-repair/,12,3859,0.31%,5.73
https://easyauto.ae/business/allparts-ae-fast-trip-auto-new-spare-parts-trading-llc/,12,3222,0.37%,7.49
https://easyauto.ae/business/landmark-int-auto-spare-parts-trading-llc-abudhabi/,12,3124,0.38%,6.87
https://easyauto.ae/business/amc-motors-trading-abu-dhabi-branch/,12,2319,0.52%,8.18
https://easyauto.ae/business/ashok-leyland-bus-swaidan-trading-co-llc-al-naboodah-abudhabi/,12,1796,0.67%,7.18
https://easyauto.ae/business/bin-yousef-recovery-service-branch-1-umm-al-quwain-2/,12,1402,0.86%,8.43
https://easyauto.ae/business/al-yousuf-motors-spare-parts-ajman/,12,1281,0.94%,9.18
https://easyauto.ae/business/sajid-khan-recovery-service/,12,1028,1.17%,3.62
https://easyauto.ae/business/red-planet-auto-new-spare-parts-tr-llc-branch-ajman/,12,956,1.26%,9.45
https://easyauto.ae/business/chamara-sticker-sharjah/,12,778,1.54%,7.3
https://easyauto.ae/business/irfan-recovery-sharjah/,12,660,1.82%,5.65
https://easyauto.ae/business/wahat-al-dhaid-tyres/,12,551,2.18%,5.58
https://easyauto.ae/business/alhattab-car-wash/,12,538,2.23%,5.27
https://easyauto.ae/business/ejaz-ur-rehman-mateen-used-cars-trading-f-z-e/,12,300,4%,4.52
https://easyauto.ae/business/atlas-gayathi-used-auto-spare-parts-ghayathi-industrial-area-western-region-abu-dhabi/,12,298,4.03%,7.28
https://easyauto.ae/business/ruwais-limousine/,12,196,6.12%,4.68
https://easyauto.ae/business/fujairah-recovery-ghurfa-2/,12,45,26.67%,4.69
https://easyauto.ae/business/jetour-showroom-rabdan-abu-dhabi-uae/,11,25361,0.04%,8.17
https://easyauto.ae/business/wheel-to-wheel-auto-service-station/,11,8923,0.12%,5.84
https://easyauto.ae/business/mitsubishi-motors-showroom-szr-dubai-al-habtoor-motors/,11,4790,0.23%,13.51
https://easyauto.ae/business/prowash-1130/,11,3826,0.29%,5.19
https://easyauto.ae/business/tire-ae-baniyas-abu-dhabi/,11,3063,0.36%,16.34
https://easyauto.ae/business/top-shield-auto-care-llc/,11,2006,0.55%,6.99
https://easyauto.ae/business/dubizzle-cars-hub-musaffah-abu-dhabi/,11,1760,0.62%,6.46
https://easyauto.ae/business/turbo-link-auto-accessories-trading-abu-dhabi/,11,1176,0.94%,17.5
https://easyauto.ae/business/dream-cars-dubai/,11,1061,1.04%,14.98
https://easyauto.ae/business/korea-auto-parts-hyundai-and-kia-abu-dhabi/,11,909,1.21%,13.92
https://easyauto.ae/business/rccr-motors-auto-repair/,11,826,1.33%,6.14
https://easyauto.ae/business/royal-carwash/,11,789,1.39%,8.67
https://easyauto.ae/business/al-yaqoot-washing-car-gulf-express/,11,741,1.48%,4.93
https://easyauto.ae/business/smart-auto-care-swaidan-trading-co/,11,715,1.54%,9.05
https://easyauto.ae/business/ineos-grenadier-abu-dhabi-showroom-adamas-motors/,11,654,1.68%,7.75
https://easyauto.ae/business/ahmed-new-auto-spare-parts-hyundai-kia/,11,402,2.74%,7.37
https://easyauto.ae/business/tokyo-automotive-parts/,11,373,2.95%,4.79
https://easyauto.ae/business/al-rayah-used-cars-tr/,11,280,3.93%,6.94
https://easyauto.ae/business/exeed-al-ghurair-motors-al-ittihad-road/,10,6800,0.15%,9.63
https://easyauto.ae/business/kavak-buy-sell-used-cars-dubai/,10,4600,0.22%,9.74
https://easyauto.ae/business/car-plaza-dubai-modification-accessories-car-android-screen-car-wrapping-car-seat-covers-ppf-installation-in-dubai/,10,4276,0.23%,8.19
https://easyauto.ae/business/umm-alquwain-cars-showroom/,10,4111,0.24%,49.24
https://easyauto.ae/business/al-futtaim-automall-dalma-mall-abu-dhabi/,10,3429,0.29%,10.66
https://easyauto.ae/business/popular-auto-parts-automobile-accessories-auto-spare-parts-supplier-in-abu-dhabi-uae/,10,2543,0.39%,24.6
https://easyauto.ae/business/geely-al-ain-agmc/,10,2014,0.5%,7.77
https://easyauto.ae/business/eurostar-rent-a-car-musaffah-branch-workshop/,10,1480,0.68%,8.8
https://easyauto.ae/business/souq-al-haraj-phase-2/,10,1338,0.75%,17.1
https://easyauto.ae/business/liberty-car-care-al-shamkha/,10,1288,0.78%,7.66
https://easyauto.ae/business/public-spare-parts-shop-main-branch-republic-auto-parts/,10,1257,0.8%,4.99
https://easyauto.ae/business/speed-parts-al-ain/,10,1257,0.8%,6.92
https://easyauto.ae/business/landmark-int-auto-spare-parts-trading-llc-al-dhaid-sharjah/,10,1216,0.82%,9.45
https://easyauto.ae/business/fasttrack-emarat-bawadi-mall-alain/,10,1076,0.93%,5.98
https://easyauto.ae/business/gulf-motors-auto-parts/,10,933,1.07%,7.41
https://easyauto.ae/business/united-motors-heavy-equipment-co-l-l-c-abu-dhabi-branch-street-16-m35-man-trucks-buses-wacker-neuson-yale-mrf/,10,867,1.15%,9.55
https://easyauto.ae/business/al-ahram-auto-spare-parts-llc/,10,800,1.25%,8.21
https://easyauto.ae/business/super-care-auto-accessories-car-battery-abu-dhabi-swbr-kyr-lzyn-lsyrt-wbtryt-lsyrt-bwzby/,10,745,1.34%,7.23
https://easyauto.ae/business/al-rafa-car-accessories/,10,724,1.38%,6.96
https://easyauto.ae/business/ajmal-cars-new-spare-parts-trading/,10,712,1.4%,5.94
https://easyauto.ae/business/auto-drome-car-wash-fujairah-zeez-outlet/,10,636,1.57%,8.12
https://easyauto.ae/business/renault-ras-al-khaimah-showroom-arabian-automobiles-llc/,10,531,1.88%,8.75
https://easyauto.ae/business/s-r-hybrid-auto-repair-workshop/,10,444,2.25%,10.2
https://easyauto.ae/business/desert-auto-spare-parts-trading-llc/,10,432,2.31%,10.59
https://easyauto.ae/business/birmal-used-trucks-trading-mussafah/,10,321,3.12%,8.41
https://easyauto.ae/business/rukn-al-rebou-used-cars-tr-l-l-c/,10,115,8.7%,4.69
https://easyauto.ae/business/fujairah-recovery-ghurfa-4/,10,47,21.28%,3.68
https://easyauto.ae/business/mazda-showroom-dubai-sheikh-zayed-rd-galadari-automobiles/,9,10882,0.08%,26.98
https://easyauto.ae/business/aston-martin-showroom-dubai/,9,2353,0.38%,27.31
https://easyauto.ae/business/samira-auto-spare-parts-ajman/,9,2314,0.39%,8.89
https://easyauto.ae/business/the-best-spare-parts-co-wll-al-quoz-branch/,9,2204,0.41%,11.73
https://easyauto.ae/business/avvic-auto-spare-parts-l-l-c-branch-2/,9,1762,0.51%,8.85
https://easyauto.ae/business/arabian-auto-parts-al-hayl-branch/,9,1708,0.53%,10.59
https://easyauto.ae/business/al-ruwais-automobile-services-bosch-car-service/,9,1665,0.54%,8.97
https://easyauto.ae/business/gxf-car-care/,9,1601,0.56%,6.71
https://easyauto.ae/business/bravo-car-wash/,9,1433,0.63%,3.52
https://easyauto.ae/business/al-shaheen-auto-spare-parts-llc/,9,1315,0.68%,8.5
https://easyauto.ae/business/al-ruwais-automobile-services-bosch-car-service-2/,9,1108,0.81%,7.57
https://easyauto.ae/business/car-garage-expert-jvc-br/,9,981,0.92%,10.19
https://easyauto.ae/business/tyres-world-umm-al-quwain/,9,959,0.94%,6.51
https://easyauto.ae/business/maymoon-auto-spare-parts-co-ras-al-khor-dubai/,9,890,1.01%,9.38
https://easyauto.ae/business/advantage-auto-spare-parts-sharjah/,9,888,1.01%,6.88
https://easyauto.ae/business/ghayar-auto-spare-parts-warehouse/,9,882,1.02%,11.35
https://easyauto.ae/business/ghayar-auto-spare-parts-head-office/,9,827,1.09%,9.02
https://easyauto.ae/business/zahra-al-hassan-parking-car-wash-company/,9,650,1.38%,19.78
https://easyauto.ae/business/new-euro-autospare-parts-llc/,9,524,1.72%,10.35
https://easyauto.ae/business/dubai-rapid-recovery-service-2/,9,455,1.98%,9.84
https://easyauto.ae/business/vin-base-auto-spare-parts-llc-gmc-ford-jeep-dodge-chevrolet/,9,418,2.15%,7.82
https://easyauto.ae/business/al-masar-al-thabt-parking-car-wash-and-cleaning-est/,9,359,2.51%,5.02
https://easyauto.ae/business/al-moharek-al-thahabi-auto-parts-br/,9,354,2.54%,5.56
https://easyauto.ae/business/royal-way-car-trading-llc/,9,248,3.63%,2.4
https://easyauto.ae/business/anas-auto-spare-parts/,9,152,5.92%,11.8
https://easyauto.ae/business/blue-moon-cars-new-spare-parts-trading-l-l-c/,9,140,6.43%,5
https://easyauto.ae/business/ag-cars-services-sharjah/,8,6963,0.11%,7.91
https://easyauto.ae/business/autopro-7825/,8,4120,0.19%,6.78
https://easyauto.ae/business/elite-shine-ras-al-khor/,8,3948,0.2%,17.12
https://easyauto.ae/business/enoc-1039-int-media-production-zone/,8,2901,0.28%,7.39
https://easyauto.ae/business/prowash-1076/,8,2867,0.28%,6.91
https://easyauto.ae/business/amc-motors-trading-llc-ras-al-khaimah/,8,2508,0.32%,9.04
https://easyauto.ae/business/car-recovery-service-ras-al-khor-dubai/,8,2113,0.38%,7.4
https://easyauto.ae/business/volkswagen-showroom-mussafah-new-and-certified-used-cars/,8,2106,0.38%,25.21
https://easyauto.ae/business/al-marjan-rent-cars-ras-al-khaimah-rak/,8,1877,0.43%,35.46
https://easyauto.ae/business/prowash-1085/,8,1712,0.47%,8.36
https://easyauto.ae/business/al-ajwa-auto-spare-parts/,8,1688,0.47%,7.01
https://easyauto.ae/business/lizof-car-care/,8,1545,0.52%,6.03
https://easyauto.ae/business/speedway-auto-spare-parts-al-ain-br-1/,8,1371,0.58%,9.25
https://easyauto.ae/business/prowash-1666/,8,1369,0.58%,6.06
https://easyauto.ae/business/safari-car-wash/,8,1134,0.71%,6.37
https://easyauto.ae/business/arabian-cars-tyres-trading-ras-al-khaimah/,8,1128,0.71%,9.29
https://easyauto.ae/business/al-nawras-tyres-trading-llc/,8,1028,0.78%,5.41
https://easyauto.ae/business/royal-tiger-auto-repair-workshop/,8,1001,0.8%,4.56
https://easyauto.ae/business/al-saada-cars-ehxb/,8,852,0.94%,6.77
https://easyauto.ae/business/noor-al-safa-auto-spare-parts-llc-opc/,8,843,0.95%,7.64
https://easyauto.ae/business/afg-recovery-and-contracting-llc-2/,8,759,1.05%,7.66
https://easyauto.ae/business/the-partfinder-uae-used-car-spare-parts/,8,710,1.13%,18.98
https://easyauto.ae/business/digital-auto-accessories-battery-trading-abu-dhabi/,8,691,1.16%,8.02
https://easyauto.ae/business/car-towing-recovery-dubai-sharjah/,8,658,1.22%,41.07
https://easyauto.ae/business/mohammed-nazrul-islam-spare-parts-trading-l-l-c/,8,596,1.34%,6.39
https://easyauto.ae/business/awr-certified-pre-owned-cars-fujairah/,8,535,1.5%,26.58
https://easyauto.ae/business/galaxy-car-battery-replacement-auto-spare-parts-trading-abu-dhabi/,8,517,1.55%,8.05
https://easyauto.ae/business/aziz-used-auto-parts-trading/,8,479,1.67%,4.13
https://easyauto.ae/business/acdelco-al-dhaid-auto-spare-parts-center/,8,431,1.86%,6.36
https://easyauto.ae/business/wadi-tirah-engine-auto-parts-changing-engine-oil-gear-oil-battery-replacement-computerised-car-inspection-center/,8,390,2.05%,3.79
https://easyauto.ae/business/adnoc-auto-car-wash-yas-north/,8,385,2.08%,10.9
https://easyauto.ae/business/abu-bakr-used-car-spare-parts-trading/,8,383,2.09%,16.31
https://easyauto.ae/business/carzio-auto-parts-trading-llc/,8,376,2.13%,4.39
https://easyauto.ae/business/abu-mohd-used-auto-parts/,8,374,2.14%,14.27
https://easyauto.ae/business/car-recovery-sharjah/,8,337,2.37%,39.55
https://easyauto.ae/business/car-wash-quick-home-service/,8,252,3.17%,28.82
https://easyauto.ae/business/windex-mobile-carwash/,8,229,3.49%,4.86
https://easyauto.ae/business/avantgarde-motors/,8,175,4.57%,4.98
https://easyauto.ae/business/bk-car-recovery/,8,159,5.03%,7.84
https://easyauto.ae/business/cars24-inspection-center-barsha-heights/,7,7792,0.09%,18.23
https://easyauto.ae/business/master-class-auto-service-center/,7,3354,0.21%,8.66
https://easyauto.ae/business/perfect-automobiles-trading-used-car-dealer-in-dubai/,7,2597,0.27%,10.62
https://easyauto.ae/business/speedway-auto-spare-parts-ajman-br/,7,2464,0.28%,9.75
https://easyauto.ae/business/mansory-middle-east-l-l-c-dubai/,7,2456,0.29%,12.97
https://easyauto.ae/business/oman-auto-spare-parts/,7,2145,0.33%,7.96
https://easyauto.ae/business/landmark-int-auto-spare-parts-trading-llc-ras-al-khaimah/,7,1620,0.43%,8.58
https://easyauto.ae/business/raji-auto-spare-parts-trading-l-l-c/,7,1600,0.44%,7.55
https://easyauto.ae/business/best-auto-parts-abu-dhabi-main-branch-m7/,7,1562,0.45%,13.58
https://easyauto.ae/business/we-buy-cars-dxb-sell-any-car-to-us/,7,1553,0.45%,27.87
https://easyauto.ae/business/landmark-int-auto-spare-parts-llc-umm-ramool-dubai/,7,1489,0.47%,9.53
https://easyauto.ae/business/al-safa-car-wash-polishing-llc/,7,1445,0.48%,10.07
https://easyauto.ae/business/spare-parts-mussafah/,7,1273,0.55%,19.23
https://easyauto.ae/business/al-sama-used-cars-and-auto-spare-parts-in-uae-sharjah/,7,1029,0.68%,9.25
https://easyauto.ae/business/creative-auto-spare-parts-trading-llc-tab-brand-auto-spare-parts-in-abu-dhabi-auto-spare-parts-company-in-abu-dhabi/,7,1016,0.69%,7.68
https://easyauto.ae/business/al-noor-auto-spare-parts-llc-sharjah-uae-land-rover-parts-range-rover-parts-discovery-parts-and-jaguar-parts-supplier/,7,1004,0.7%,32.2
https://easyauto.ae/business/mitsubishi-motors-showroom-service-parts-sharjah-al-habtoor-motors/,7,1001,0.7%,12.55
https://easyauto.ae/business/akmal-auto-parts-alain-branch/,7,909,0.77%,7.95
https://easyauto.ae/business/hamza-scrap-trading-l-l-c/,7,773,0.91%,6.88
https://easyauto.ae/business/camel-profy-cars-care-services/,7,734,0.95%,5.69
https://easyauto.ae/business/sparemax-genuine-auto-spare-parts-al-hayl-fujeirah/,7,728,0.96%,10.34
https://easyauto.ae/business/alzayan-auto-spare-parts-l-l-c/,7,713,0.98%,12.04
https://easyauto.ae/business/al-yousuf-motors-spare-parts-dubai/,7,638,1.1%,11.15
https://easyauto.ae/business/azeem-car-repair-service-abu-dhabi/,7,574,1.22%,9.47
https://easyauto.ae/business/ayaz-muhammad-american-used-auto-parts/,7,555,1.26%,4.06
https://easyauto.ae/business/durat-al-madeena-auto-spare-parts/,7,550,1.27%,8
https://easyauto.ae/business/hyundai-and-kia-rain-bird-auto-spare-parts/,7,530,1.32%,7.13
https://easyauto.ae/business/ebla-motors/,7,462,1.52%,5.64
https://easyauto.ae/business/al-hamra-used-car-showroom/,7,451,1.55%,10.09
https://easyauto.ae/business/phonex-auto-new-spare-parts-trading-al-ain/,7,445,1.57%,3.76
https://easyauto.ae/business/favorite-car-wash-and-polishing/,7,442,1.58%,5.08
https://easyauto.ae/business/al-mizan-al-fidhi-used-parts-tr-llc-industrial-area-3-sharjah-uae/,7,439,1.59%,7.04
https://easyauto.ae/business/matar-auto-spare-parts-equib-company-br-1-al-ain-abu-dhabi/,7,435,1.61%,6.63
https://easyauto.ae/business/scrap-car-buyer-dubai-mshtry-lsyrt-lkhrd-dby-judhur-al-tahalib/,7,398,1.76%,18.85
https://easyauto.ae/business/esn-ten-srar-auto-spare-parts-l-l-c/,7,366,1.91%,7.67
https://easyauto.ae/business/rahim-akbar-new-auto-spare-parts-llc-main-branch/,7,356,1.97%,7.42
https://easyauto.ae/business/future-auto-spare-parts/,7,343,2.04%,7.22
https://easyauto.ae/business/e9-auto-accessories/,7,322,2.17%,7.92
https://easyauto.ae/business/genuine-american-parts-centerbin-hamoodah-auto/,7,295,2.37%,9.51
https://easyauto.ae/business/uaq-towing-recovery/,7,250,2.8%,11.36
https://easyauto.ae/business/shams-ul-ghurob-cars-recovery/,7,245,2.86%,4.18
https://easyauto.ae/business/vallo-equipments-spare-parts-trading-zayed-military-city-main-gate/,7,239,2.93%,5.9
https://easyauto.ae/business/gamayel-car-accessories/,7,219,3.2%,4.68
https://easyauto.ae/business/jvr-auto-service-center-llc-spc-fujsirah-branch-1/,7,219,3.2%,7.23
https://easyauto.ae/business/cars-shine-mobile-car-wash/,7,213,3.29%,15.93
https://easyauto.ae/business/chintu-auto-spare-parts-spare-part-shop/,7,202,3.47%,6.06
https://easyauto.ae/business/kyroz-luxury-auto-spare-parts-in-dubai/,7,193,3.63%,9.28
https://easyauto.ae/business/best-deals-used-car-tr-sharjah/,7,125,5.6%,5.52
https://easyauto.ae/business/seleesha-car-wash/,7,64,10.94%,6.08
https://easyauto.ae/business/emirates-parkings/,6,4301,0.14%,8.74
https://easyauto.ae/business/lexus-showroom-dfc/,6,4075,0.15%,11.19
https://easyauto.ae/business/toyota-showroom-musaffah/,6,3006,0.2%,10.36
https://easyauto.ae/business/suzuki-showroom-sharjah/,6,2746,0.22%,13.24
https://easyauto.ae/business/quality-motor-parts-llc/,6,2742,0.22%,7.46
https://easyauto.ae/business/landmark-int-auto-spare-parts-trading-llc-al-quoz-dubai/,6,2078,0.29%,8.88
https://easyauto.ae/business/bosch-car-service-al-diyar-auto-repairing/,6,1939,0.31%,14.04
https://easyauto.ae/business/abu-faisal-automotive-parts-llc-opc/,6,1900,0.32%,9.17
https://easyauto.ae/business/al-khubaizi-motor-cycles-co-llc-rak-branch/,6,1801,0.33%,7.33
https://easyauto.ae/business/german-tech-motors-llc-sharjah-branch/,6,1589,0.38%,7.84
https://easyauto.ae/business/autopro-7775/,6,1527,0.39%,6.26
https://easyauto.ae/business/al-zeen-rent-a-car-ras-al-khaimah/,6,1398,0.43%,46.32
https://easyauto.ae/business/fix-my-car-auto-repair/,6,1371,0.44%,36.06
https://easyauto.ae/business/luxury-lounge-car-showroom/,6,1323,0.45%,10.51
https://easyauto.ae/business/car-spa-dubai-3-al-qouz/,6,1316,0.46%,19.26
https://easyauto.ae/business/parts-gallary-auto-parts-ras-al-khor-br/,6,1283,0.47%,8.35
https://easyauto.ae/business/stam-specialized-technical-automobile-maintenance/,6,1185,0.51%,5.67
https://easyauto.ae/business/adnoc-service-station-al-jeemi-857/,6,1174,0.51%,7.55
https://easyauto.ae/business/arabian-automobile-association/,6,1155,0.52%,8.77
https://easyauto.ae/business/divine-autos/,6,1098,0.55%,6.44
https://easyauto.ae/business/ibrar-khan-car-wash-parking-llc/,6,1091,0.55%,5.22
https://easyauto.ae/business/maxus-showroom-sharjah/,6,1085,0.55%,9.36
https://easyauto.ae/business/extra-car-showroom-l-l-c/,6,1053,0.57%,16.11
https://easyauto.ae/business/ditec-sharjah/,6,987,0.61%,34.78
https://easyauto.ae/business/adnoc-auto-car-wash-dubai-hills-526/,6,985,0.61%,9.54
https://easyauto.ae/business/kohinoor-car-washing-llc/,6,971,0.62%,5.57
https://easyauto.ae/business/arrow-head-auto-repairing-services-l-l-c/,6,951,0.63%,9.65
https://easyauto.ae/business/prestige-auto-accessories/,6,950,0.63%,22.9
https://easyauto.ae/business/spider-auto-spare-parts-trdg/,6,920,0.65%,8.73
https://easyauto.ae/business/umm-al-quwain-recovery-service-m-lqywyn-wnsh-rykfry-lqtr-lsyrt/,6,907,0.66%,9.67
https://easyauto.ae/business/yallamotor/,6,870,0.69%,9.83
https://easyauto.ae/business/prowash-1077/,6,861,0.7%,12.39
https://easyauto.ae/business/al-wadi-recovery-service/,6,756,0.79%,7.52
https://easyauto.ae/business/aaa-middle-east/,6,708,0.85%,9.27
https://easyauto.ae/business/ahmad-car-recovery-solution/,6,668,0.9%,22.46
https://easyauto.ae/business/raz-muhammad-used-auto-spare-parts-trading-llc/,6,610,0.98%,8.15
https://easyauto.ae/business/first-class-car-wash-al-markhaniya/,6,601,1%,8.9
https://easyauto.ae/business/pioneer-auto-spare-parts-llc-ajman/,6,559,1.07%,8.46
https://easyauto.ae/business/bd-fifty-auto-spare-parts/,6,555,1.08%,3.54
https://easyauto.ae/business/mukhtar-ahmad-used-cars-tr-cars-auctions-l-l-c-s-p/,6,534,1.12%,8.17
https://easyauto.ae/business/al-tamayuz-car-wash-and-polish-al-rawda-3-ajman/,6,493,1.22%,6.15
https://easyauto.ae/business/offroad-revolution-car-parts-l-l-c/,6,488,1.23%,4.6
https://easyauto.ae/business/al-saqer-al-massi-car-wash/,6,470,1.28%,5.54
https://easyauto.ae/business/ghayathi-star-auto-spare-parts/,6,430,1.4%,8.02
https://easyauto.ae/business/car-dezire-best-car-detailing-and-ceramic-coating-centre-in-fujairah/,6,404,1.49%,9.33
https://easyauto.ae/business/gayathi-star-auto-spare-parts/,6,387,1.55%,7.55
https://easyauto.ae/business/mobile-carwash-khalifa-city/,6,366,1.64%,10.1
https://easyauto.ae/business/ali-alhashemi-car-cleaning-llc/,6,338,1.78%,5.62
https://easyauto.ae/business/al-shafi-air-condition-spare-parts/,6,327,1.83%,6.06
https://easyauto.ae/business/3m-union-coop-3m-tint-authorized-applicator/,6,326,1.84%,7.75
https://easyauto.ae/business/dibba-tyre-sales-and-repair-center-qidfa-branch/,6,311,1.93%,4.71
https://easyauto.ae/business/dxb-mechanic-auto-repairing-services/,6,299,2.01%,18.9
https://easyauto.ae/business/landmark-middle-east-auto-spare-parts-trading-llc-opc/,6,298,2.01%,9.65
https://easyauto.ae/business/al-balad-car-washing/,6,263,2.28%,4.02
https://easyauto.ae/business/rak-mobile-car-wash-gsyl-syrt-mtnql-rs-lkhym/,6,252,2.38%,12.13
https://easyauto.ae/business/walid-asaad-cars/,6,247,2.43%,7.14
https://easyauto.ae/business/gulf-coast-used-cars-tr-llc-s-p/,6,233,2.58%,11.72
https://easyauto.ae/business/wahat-al-wafa-spare-parts/,6,203,2.96%,7.5
https://easyauto.ae/business/euroglass-automotive-glass-store-umm-al-quwain/,6,166,3.61%,6.42
https://easyauto.ae/business/shahzad-car-recovery-al-barsha/,6,161,3.73%,6.4
https://easyauto.ae/business/al-dhokhairy-repair-work-shop-dibba-ldhkhyry-ltslyh-lsyrt/,6,143,4.2%,2.71
https://easyauto.ae/business/defender-auto-spare-parts-l-l-c/,6,143,4.2%,4.03
https://easyauto.ae/business/gotrade-llc-thouban-branch/,6,141,4.26%,9.28
https://easyauto.ae/business/dibba-recovery-service-wnsh-db/,6,134,4.48%,7.46
https://easyauto.ae/business/al-jameel-auto-spare-parts/,6,125,4.8%,6.75
https://easyauto.ae/business/desire-new-auto-spare-parts/,6,124,4.84%,3.35
https://easyauto.ae/business/dibba-recovery-services/,6,122,4.92%,3.65
https://easyauto.ae/business/manama-modern-car-wash/,6,84,7.14%,13.54
https://easyauto.ae/business/luxe-gt10-car-wash/,6,13,46.15%,2.62
https://easyauto.ae/business/nissan-showroom-madinat-zayed-al-masaood-automobiles/,5,4996,0.1%,36.78
https://easyauto.ae/business/mitsubishi-motors-service-parts-al-quoz-dubai-al-habtoor-motors/,5,4545,0.11%,20.35
https://easyauto.ae/business/ag-cars-services-llc-rak/,5,4305,0.12%,9.12
https://easyauto.ae/business/prowash-73/,5,2927,0.17%,9.07
https://easyauto.ae/business/autopro-7085/,5,2342,0.21%,5.51
https://easyauto.ae/business/pal-auto-garage-br-dip-1-pal-platina-tesla-approved-bodyshop/,5,2265,0.22%,7.47
https://easyauto.ae/business/sellanycar-fujairah-city-centre/,5,2248,0.22%,15.49
https://easyauto.ae/business/dynatrade-auto-car-repair-service-centre-ruwais-5/,5,1965,0.25%,8.69
https://easyauto.ae/business/landmark-int-auto-spare-parts-trading-llc-ras-al-khor-dubai/,5,1943,0.26%,8.73
https://easyauto.ae/business/golden-bearing-auto-spare-parts-trading-llc/,5,1847,0.27%,8.43
https://easyauto.ae/business/mkn-garage-llc-premium-car-bodywork-mechanic-ppf-wrapping-services-in-al-quoz/,5,1821,0.27%,8.61
https://easyauto.ae/business/private-car-3m-pro-shop-dealer/,5,1790,0.28%,8.57
https://easyauto.ae/business/auto-safe-car-services-center/,5,1710,0.29%,8.32
https://easyauto.ae/business/dublin-auto-spare-parts-trading-l-l-c-branch-1/,5,1710,0.29%,9.63
https://easyauto.ae/business/nissan-service-center-khorfakkan-arabian-automobiles-llc/,5,1681,0.3%,14.95
https://easyauto.ae/business/tesla-city-center-mirdif-pop-up-dubai/,5,1526,0.33%,7.07
https://easyauto.ae/business/nissan-fujairah-showroom-arabian-automobiles-llc/,5,1454,0.34%,13.89
https://easyauto.ae/business/full-down-sports-recovery/,5,1410,0.35%,8.07
https://easyauto.ae/business/zee-speed-auto-repair-llc/,5,1343,0.37%,8.97
https://easyauto.ae/business/speedway-auto-spare-parts-trd-llc-auh-br1/,5,1299,0.38%,6.96
https://easyauto.ae/business/auto-mart-car-accessories-l-l-c/,5,1296,0.39%,6.32
https://easyauto.ae/business/quick-cool-refrigeration-ac-spare-parts-supplier-in-abu-dhabi/,5,1223,0.41%,22.89
https://easyauto.ae/business/prowash-1511/,5,1188,0.42%,3.8
https://easyauto.ae/business/al-musbah-al-fedhi-car-accessories-spare-parts-trading-llc/,5,1134,0.44%,2.72
https://easyauto.ae/business/geowash-dubai-festival-city-mall/,5,1092,0.46%,8.85
https://easyauto.ae/business/7-detail-inn-ppf-ceramic-coatings-and-tint/,5,1067,0.47%,6.42
https://easyauto.ae/business/prowash-1203/,5,1004,0.5%,6.94
https://easyauto.ae/business/volkers-auto-repair-garage/,5,975,0.51%,5.57
https://easyauto.ae/business/adnoc-service-station-sanayiyya-942/,5,952,0.53%,7.31
https://easyauto.ae/business/al-daam-altiqani-auto-mobile-repair-workshop/,5,922,0.54%,5.76
https://easyauto.ae/business/nissan-dibba-showroom-arabian-automobiles-llc/,5,823,0.61%,18.11
https://easyauto.ae/business/epic-repair-a-car/,5,819,0.61%,6.92
https://easyauto.ae/business/the-best-spare-parts-co-llc-dubai-branch/,5,798,0.63%,18.64
https://easyauto.ae/business/liberty-auto-spare-parts/,5,788,0.63%,8.18
https://easyauto.ae/business/al-amani-tvr-auto-parts-l-l-c-ras-al-khaimah/,5,728,0.69%,6.13
https://easyauto.ae/business/moatamadcars-souq-al-haraj-showroom/,5,680,0.74%,12.64
https://easyauto.ae/business/al-ain-star-auto-spare-parts-abu-dhabi-njm-laayn-lqtaa-gyr-lsyrt-bw-zby/,5,673,0.74%,8.84
https://easyauto.ae/business/al-ras-ref-devices-spare-parts-tr-al-ain/,5,662,0.76%,10.27
https://easyauto.ae/business/sparemax-auto-spare-parts-llc-al-dhaid-sharjah/,5,656,0.76%,8.37
https://easyauto.ae/business/al-sadaf-car-wash/,5,646,0.77%,7.07
https://easyauto.ae/business/abdur-rasheed-used-auto-spare-parts-tr/,5,631,0.79%,5.14
https://easyauto.ae/business/thuraya-car-wash-and-oil-change/,5,626,0.8%,5.24
https://easyauto.ae/business/adnoc-service-station-ruwais-housing-complex-987/,5,625,0.8%,5.54
https://easyauto.ae/business/smart-line-auto-spare-parts-llc-abu-dhabi/,5,616,0.81%,9.01
https://easyauto.ae/business/car-first-mobile-wash-polishing-l-l-c/,5,587,0.85%,8.18
https://easyauto.ae/business/al-shatry-american-cars-spare-parts/,5,567,0.88%,17.25
https://easyauto.ae/business/adnoc-auto-car-wash-al-nakheel-586/,5,550,0.91%,13.39
https://easyauto.ae/business/best-auto-parts-store-m9/,5,530,0.94%,12.92
https://easyauto.ae/business/zarouni-auto-parts-br3/,5,478,1.05%,6.19
https://easyauto.ae/business/buyanycar-com-abu-dhabi-mushrif-mall/,5,475,1.05%,13.59
https://easyauto.ae/business/al-nabaa-genuine-auto-spare-parts-bmw-mini-cooper-rolls-royce-porsche-benz/,5,468,1.07%,8.24
https://easyauto.ae/business/scrap-car-buyer-abu-dhabi/,5,454,1.1%,30.75
https://easyauto.ae/business/adnoc-service-station-remraam-534/,5,418,1.2%,5
https://easyauto.ae/business/turbo-shine-car-services/,5,361,1.39%,6.38
https://easyauto.ae/business/burj-al-manara-used-cars-trading/,5,357,1.4%,22.01
https://easyauto.ae/business/used-car-market-baniyas/,5,335,1.49%,15.19
https://easyauto.ae/business/kinetic-auto-service-center/,5,331,1.51%,6.34
https://easyauto.ae/business/car-wash-at-wtc-mall-abu-dhabi/,5,325,1.54%,7.85
https://easyauto.ae/business/fiza-motor/,5,323,1.55%,5.99
https://easyauto.ae/business/lucky-car-wash/,5,316,1.58%,5.18
https://easyauto.ae/business/rapid-action-auto-mechanical-desert-pullout-car-recovery-in-dubai/,5,300,1.67%,10.63
https://easyauto.ae/business/dibba-recovery-service-wnsh-db-2/,5,274,1.82%,6.18
https://easyauto.ae/business/jac-showroom-service-center-al-ain-al-habtoor-motors-royal-car/,5,256,1.95%,7.41
https://easyauto.ae/business/new-faisalabad-general-transport-car-recovery/,5,253,1.98%,7.53
https://easyauto.ae/business/al-mjra-car-wash/,5,248,2.02%,8
https://easyauto.ae/business/al-ekhwan-al-thamaniah-used-cars-trdg/,5,221,2.26%,6.8
https://easyauto.ae/business/mans-auto-acc-sticker-wrapping-window-tinting/,5,216,2.31%,11.07
https://easyauto.ae/business/al-mai-car-care-center/,5,209,2.39%,5.19
https://easyauto.ae/business/south-east-auto-new-spare-parts-trading/,5,205,2.44%,6.21
https://easyauto.ae/business/mister-clean-car-wash/,5,204,2.45%,10.86
https://easyauto.ae/business/vehicle-impound-yard-baniyas/,5,179,2.79%,10.73
https://easyauto.ae/business/gulf-automobile-wash/,5,174,2.87%,4.34
https://easyauto.ae/business/adnan-car-lift/,5,170,2.94%,9.31
https://easyauto.ae/business/mht-swfr-lkhdm-lsyrt-sawfar-auto-service-station/,5,165,3.03%,4.29
https://easyauto.ae/business/aladeed-carwashing-station/,5,164,3.05%,6.73
https://easyauto.ae/business/al-falah-automobiles-est/,5,148,3.38%,13.12
https://easyauto.ae/business/dasman-auto-spare-parts-llc-bidya/,5,132,3.79%,8.68
https://easyauto.ae/business/q-m-recovery/,5,125,4%,8.32
https://easyauto.ae/business/jandola-scrap-skhrb-geraj-ghayati-all-kinds-of-aluminum-plastic-copper-batteries-cable-buying/,5,96,5.21%,9.46
https://easyauto.ae/business/bp-champion-car-wash-sharjah/,4,6083,0.07%,7.16
https://easyauto.ae/business/tintingtintppfwrapinstant-windows-tint-auto-acessories-fitting-dubai-uae/,4,5560,0.07%,77.85
https://easyauto.ae/business/mitsubishi-motors-showroom-mussafah-abu-dhabi-al-habtoor-motors-royal-car/,4,5106,0.08%,14
https://easyauto.ae/business/marhaba-auctions-souq-al-haraj/,4,4328,0.09%,21.47
https://easyauto.ae/business/nano-car-tinting-nanoz-dubai-al-quoz-branch/,4,3882,0.1%,14
https://easyauto.ae/business/toyota-showroom-airport-road-abu-dhabi/,4,3248,0.12%,10.98
https://easyauto.ae/business/toyota-showroom-ajman/,4,3238,0.12%,10.73
https://easyauto.ae/business/suzuki-service-parts-centre-abu-dhabi/,4,2878,0.14%,15.27
https://easyauto.ae/business/car-mods-modification-accessories-best-car-ppf-car-wrapping-services-in-dubai/,4,2467,0.16%,36.87
https://easyauto.ae/business/royal-swiss-auto-service-center-musaffah-abu-dhabi/,4,2445,0.16%,9.16
https://easyauto.ae/business/auto-experts-vehicle-maintenance/,4,2350,0.17%,6.25
https://easyauto.ae/business/al-yousuf-motors-abu-dhabi/,4,2212,0.18%,8.73
https://easyauto.ae/business/al-adraj-new-auto-spare-parts-tr/,4,2196,0.18%,8.5
https://easyauto.ae/business/lexus-showroom-dubai-szr/,4,2109,0.19%,12.23
https://easyauto.ae/business/toyota-service-center-madinat-zayed/,4,2068,0.19%,24.08
https://easyauto.ae/business/car-fair-deal/,4,1950,0.21%,7.86
https://easyauto.ae/business/adnoc-xpress-al-raha-144/,4,1825,0.22%,6.69
https://easyauto.ae/business/mtx-mechtronix-auto-works-llc-abudhabi-off-road-modifications-and-all-kind-of-vehicle-services/,4,1769,0.23%,6.4
https://easyauto.ae/business/jac-showroom-abu-dhabi-al-habtoor-motors-royal-car/,4,1697,0.24%,9.35
https://easyauto.ae/business/totalenergies-bawabat-al-khaleej-car-service-center/,4,1674,0.24%,8.88
https://easyauto.ae/business/mg-motor-service-center-fujairah/,4,1464,0.27%,12.31
https://easyauto.ae/business/dublin-auto-spare-parts-trading-l-l-c-branch-01/,4,1406,0.28%,9.44
https://easyauto.ae/business/popular-auto-parts-automobile-accessories-car-auto-spare-parts-supplier-retailer-in-mussafah-abu-dhabi/,4,1377,0.29%,12.16
https://easyauto.ae/business/3m-expert-touch-car-care/,4,1282,0.31%,10.19
https://easyauto.ae/business/galadari-trucks-heavy-equipment-abu-dhabi/,4,1201,0.33%,23.54
https://easyauto.ae/business/asghar-garaj-ajman/,4,1158,0.35%,7.21
https://easyauto.ae/business/toyota-showroom-fujairah/,4,1122,0.36%,7.77
https://easyauto.ae/business/ak-auto-repair-workshop/,4,1114,0.36%,8.38
https://easyauto.ae/business/protech-battery-and-auto-accessories-abu-dhabi-uae/,4,1028,0.39%,7.96
https://easyauto.ae/business/adnoc-vehicle-inspection-centre-baniyas-south-west-951/,4,984,0.41%,8.46
https://easyauto.ae/business/premier-auto-parts-llc-branch/,4,980,0.41%,11.54
https://easyauto.ae/business/model-automotive-parts-est-m8-branch/,4,936,0.43%,10.45
https://easyauto.ae/business/car-guys-auto-services-best-garage-german-car-repair/,4,907,0.44%,14.8
https://easyauto.ae/business/good-steam-auto-center/,4,876,0.46%,6.05
https://easyauto.ae/business/3m-illusionaire-auto-accessories/,4,838,0.48%,5.62
https://easyauto.ae/business/adnoc-auto-car-wash-al-dana-966/,4,817,0.49%,10.03
https://easyauto.ae/business/popular-auto-parts-automobile-accessories-top-auto-spare-parts-supplier-retailer-company-in-dubai-uae/,4,813,0.49%,10.93
https://easyauto.ae/business/jac-showroom-service-parts-musaffah-abu-dhabi-al-habtoor-motors-royal-car/,4,813,0.49%,12.37
https://easyauto.ae/business/recovery-towning-service-mst/,4,793,0.5%,9.43
https://easyauto.ae/business/perfect-sign-auto-spare-partsmussafahauto-ac-spare-parts/,4,779,0.51%,10.46
https://easyauto.ae/business/akmal-auto-spare-parts-trading-llc/,4,776,0.52%,9.48
https://easyauto.ae/business/one-of-one-auto-repairing/,4,773,0.52%,10.49
https://easyauto.ae/business/toyota-pre-owned-showroom-al-ain/,4,768,0.52%,12.77
https://easyauto.ae/business/al-nukhbah-cars-auction/,4,748,0.53%,8.17
https://easyauto.ae/business/ahlan-auto-spare-parts-llc/,4,737,0.54%,8.96
https://easyauto.ae/business/autotrust-multibrand-used-cars-sharjah/,4,735,0.54%,9.01
https://easyauto.ae/business/wecare-auto-service-station/,4,734,0.54%,4.09
https://easyauto.ae/business/al-aqsa-car-wash/,4,712,0.56%,7.71
https://easyauto.ae/business/hnd-auto-spare-parts-co-llc-r5-branch/,4,701,0.57%,8.53
https://easyauto.ae/business/liberty-car-wash/,4,643,0.62%,6.73
https://easyauto.ae/business/al-faris-used-cars/,4,630,0.63%,7.75
https://easyauto.ae/business/desert-rat-4x4-parts/,4,612,0.65%,6.18
https://easyauto.ae/business/abul-malik-baloch-recovery-service-sajja/,4,611,0.65%,7.43
https://easyauto.ae/business/steer-well-auto-sharjah-branch-no-26/,4,599,0.67%,19.55
https://easyauto.ae/business/toyota-showroom-khorfakkan/,4,595,0.67%,8.64
https://easyauto.ae/business/galadari-preowned-car-showroom-deira-dubai/,4,587,0.68%,13.19
https://easyauto.ae/business/hexis-middle-east/,4,568,0.7%,7.72
https://easyauto.ae/business/dodge-al-ain-showroom-trading-enterprises/,4,549,0.73%,23.87
https://easyauto.ae/business/surat-al-reyah-auto-spare-parts-ajman-branch/,4,547,0.73%,7.11
https://easyauto.ae/business/full-down-sports-recovery-2/,4,546,0.73%,17.37
https://easyauto.ae/business/al-ihsan-car-used-new-spare-parts-car-a-c-electrical-mechanical-works-m-23-lhsn-lqtaa-gyr-lsyrt-lmstaaml-msfh/,4,525,0.76%,6.9
https://easyauto.ae/business/adnoc-service-station-al-barsha-528/,4,512,0.78%,7.98
https://easyauto.ae/business/al-ihsan-used-cars-tr/,4,501,0.8%,7.99
https://easyauto.ae/business/armolan-polyester-insulation-and-protection-materials-trading-llc-window-tinting-paintprotection-film-ppf-nano-ceramic/,4,499,0.8%,9.64
https://easyauto.ae/business/meta-auto-parts-trading/,4,491,0.81%,10.6
https://easyauto.ae/business/buyanycar-com-abu-dhabi-dalma-mall-musaffah/,4,477,0.84%,15.69
https://easyauto.ae/business/easy-auto-spare-parts-br/,4,442,0.9%,10.12
https://easyauto.ae/business/evergreen-car-spare-parts-trading-llc/,4,435,0.92%,8.75
https://easyauto.ae/business/al-majid-auto-spare-parts-br/,4,404,0.99%,7.18
https://easyauto.ae/business/gray-scales-used-auto-spare-parts/,4,379,1.06%,3.36
https://easyauto.ae/business/adnoc-auto-car-wash-al-raha-144/,4,378,1.06%,10.01
https://easyauto.ae/business/lavarlo-car-detailing/,4,370,1.08%,10.73
https://easyauto.ae/business/jabal-al-ain-auto-parts-sales-llc/,4,360,1.11%,5.36
https://easyauto.ae/business/saleh-car-care-service-depot/,4,358,1.12%,9.25
https://easyauto.ae/business/al-ofuq-car-washing-and-accessories/,4,357,1.12%,6.38
https://easyauto.ae/business/al-safeer-used-auto-spare-parts/,4,356,1.12%,12.55
https://easyauto.ae/business/beta-auto-spare-parts-tr-centre/,4,349,1.15%,9.1
https://easyauto.ae/business/souk-auto-parts/,4,346,1.16%,8.26
https://easyauto.ae/business/mas-car-recovery-abu-dhabi-asif/,4,338,1.18%,6.29
https://easyauto.ae/business/range-rover-land-rover-parts-sharjah-najmat-ajman-used-auto-spare-parts-trdg-llc/,4,337,1.19%,11.03
https://easyauto.ae/business/coops-auto-used-spare-parts-trading/,4,336,1.19%,7
https://easyauto.ae/business/zarouni-auto-parts-br2/,4,331,1.21%,8.16
https://easyauto.ae/business/delta-wrapsr-car-wrapping-roll-window-tinting-roll-vinyl-wraps-roll-paint-protection-film-ppf/,4,330,1.21%,9.58
https://easyauto.ae/business/al-nakheel-auto-spare-parts/,4,328,1.22%,8.7
https://easyauto.ae/business/adnoc-service-station-new-baynoona-979/,4,326,1.23%,6.87
https://easyauto.ae/business/professional-way-auto-spare-parts-auto-spare-parts-dubai-car-accessories-genuine-spare-parts-sharjah-uae-middle-east/,4,307,1.3%,9.02
https://easyauto.ae/business/rana-vehicle-recovery/,4,302,1.32%,12.18
https://easyauto.ae/business/two-brothers-used-auto-spare-parts-trading/,4,301,1.33%,6.56
https://easyauto.ae/business/xclusive-car-care-ppf-and-wrapping/,4,301,1.33%,8.17
https://easyauto.ae/business/umar-sons-trading-co-llc-spc-fujairah-br-1/,4,297,1.35%,7.19
https://easyauto.ae/business/al-abdaa-car-wash-and-lubricant/,4,296,1.35%,5.33
https://easyauto.ae/business/honey-car-wash-madeni-rayaz/,4,286,1.4%,3.65
https://easyauto.ae/business/top-grade-battery-trading-sole-proprietorship-llc-mobile-service-only/,4,279,1.43%,7.96
https://easyauto.ae/business/hassan-ali-balushi-car-scrap/,4,278,1.44%,5.41
https://easyauto.ae/business/mantaq-al-wasta-car-wash/,4,277,1.44%,5.23
https://easyauto.ae/business/mk1-customs/,4,276,1.45%,4.05
https://easyauto.ae/business/918-car-care-llc/,4,274,1.46%,9.57
https://easyauto.ae/business/wafi-car-wash/,4,270,1.48%,5.9
https://easyauto.ae/business/laser-car-wash/,4,261,1.53%,6.87
https://easyauto.ae/business/the-cars-man-used-cars-trading-llc/,4,257,1.56%,6.48
https://easyauto.ae/business/deluxe-car-wash-polish-services/,4,255,1.57%,15.94
https://easyauto.ae/business/carz-hub-auto-parts-abu-dhabi/,4,246,1.63%,8.17
https://easyauto.ae/business/adnoc-manual-car-wash-mahawi-917/,4,239,1.67%,5.65
https://easyauto.ae/business/flair-car-services/,4,227,1.76%,4.91
https://easyauto.ae/business/nad-al-hammar-recovery-service/,4,223,1.79%,25.05
https://easyauto.ae/business/sawahil-al-khaleej-auto-parts-co-llc/,4,214,1.87%,7.57
https://easyauto.ae/business/jannah-auto-spare-parts/,4,210,1.9%,9.02
https://easyauto.ae/business/good-luck-used-auto-spare-parts-l-l-c/,4,202,1.98%,5.85
https://easyauto.ae/business/alrafya-autowrap-tinting-upholstery/,4,196,2.04%,16.4
https://easyauto.ae/business/german-tech-motors-llc-rak-branch/,4,188,2.13%,6.31
https://easyauto.ae/business/al-ameenah-auto-spare-parts-llc-spc/,4,185,2.16%,12.83
https://easyauto.ae/business/al-sameer-for-selling-auto-spare-parts/,4,171,2.34%,18.11
https://easyauto.ae/business/al-ibtihaj-auto-used-spare-parts-machinery-l-l-c/,4,169,2.37%,8.73
https://easyauto.ae/business/eagle-roadside-assistance-car-recovery/,4,168,2.38%,8.89
https://easyauto.ae/business/al-jareena-auto-spare-parts-trading-llc-sharjah/,4,166,2.41%,8.37
https://easyauto.ae/business/adnoc-service-station-ummu-ghafa-446/,4,157,2.55%,4.08
https://easyauto.ae/business/black-rock-used-cars-trading/,4,148,2.7%,8.13
https://easyauto.ae/business/alrassasi-car-wash/,4,146,2.74%,4.76
https://easyauto.ae/business/abu-soliman-car-wash-fujairah-sakamkam/,4,133,3.01%,2.82
https://easyauto.ae/business/shams-al-hamriyah-car-service-centre/,4,126,3.17%,6.77
https://easyauto.ae/business/royalstreetusedcars/,4,101,3.96%,3.03
https://easyauto.ae/business/spark-auto-parts/,4,96,4.17%,5.25
https://easyauto.ae/business/golden-mart-automotive/,4,90,4.44%,13.98
https://easyauto.ae/business/hyper-voitures-fzc/,4,79,5.06%,5.05
https://easyauto.ae/business/extreme-auto-care/,4,79,5.06%,6.03
https://easyauto.ae/business/rtx-auto-service/,4,71,5.63%,8.17
https://easyauto.ae/business/al-mansoora-auto-parts/,4,68,5.88%,7.53
https://easyauto.ae/business/wadi-masafi-used-cars/,4,67,5.97%,5.78
https://easyauto.ae/business/public-spare-parts-shop-br-1/,4,47,8.51%,3.91
https://easyauto.ae/business/link-global-auto-spare-parts-company/,4,46,8.7%,6.02
https://easyauto.ae/business/toyota-export-center/,4,18,22.22%,3.5
https://easyauto.ae/business/ppf-dubai-paint-protection-film-color-ppf-wrapping-car/,3,11744,0.03%,70.92
https://easyauto.ae/business/mg-motor-service-center-abu-dhabi/,3,8548,0.04%,17.4
https://easyauto.ae/business/volkswagen-showroom-and-service-center-dubai-al-nabooda-automobiles/,3,5707,0.05%,39.48
https://easyauto.ae/business/gargash-auto-multi-brand-car-service-centre-al-quoz-4-dubai/,3,4364,0.07%,9.42
https://easyauto.ae/business/auto-master-garage/,3,3801,0.08%,7.36
https://easyauto.ae/business/land-rover-authorised-repairer-premier-motors/,3,3674,0.08%,45.75
https://easyauto.ae/business/nissan-showroom-khalidiyah-al-masaood-automobiles/,3,3471,0.09%,24.09
https://easyauto.ae/business/grand-service-station-al-warqa/,3,3455,0.09%,7.81
https://easyauto.ae/business/prowash-1079/,3,3009,0.1%,8.13
https://easyauto.ae/business/exeed-abu-dhabi-corniche-al-ghurair-motors/,3,2980,0.1%,9.89
https://easyauto.ae/business/leadright-protech-abu-dhabi/,3,2861,0.1%,9.81
https://easyauto.ae/business/bin-hamoodah-auto-chevrolet-gmc-showroom-abu-dhabi-main/,3,2528,0.12%,17.7
https://easyauto.ae/business/battmobile-car-battery-replacement-dubai-oil-change-service-in-dubai-car-repair/,3,2388,0.13%,15.6
https://easyauto.ae/business/jahan-auto-repair-llc/,3,2355,0.13%,6.64
https://easyauto.ae/business/hot-pistonz-garage-24-7-auto-repair-garage-in-dip-audi-bmw-jaguar-mercedes-volkswagen-bently-mg-ford-gmc-more/,3,2184,0.14%,8.68
https://easyauto.ae/business/premier-auto-parts-llc-shj/,3,2145,0.14%,10.25
https://easyauto.ae/business/elite-international-motors-abu-dhabi-land-rover-and-jaguar-spare-parts/,3,1875,0.16%,21.29
https://easyauto.ae/business/skyline-auto-repair-workshop-llc/,3,1769,0.17%,7.13
https://easyauto.ae/business/popular-auto-parts-auto-parts-suppliers-top-auto-spare-parts-supplier-retailer-company-in-musaffah-abu-dhabi/,3,1756,0.17%,11.1
https://easyauto.ae/business/autopro-7039/,3,1677,0.18%,6.21
https://easyauto.ae/business/dx-garage-i-car-repair-garage-in-al-quoz-dubai-car-service-center-near-barsha/,3,1665,0.18%,10.33
https://easyauto.ae/business/bosch-car-service-golden-workshop-car-repairing/,3,1655,0.18%,10.95
https://easyauto.ae/business/nissan-certified-pre-owned-showroom-al-ain-al-masaood-automobiles/,3,1480,0.2%,27.3
https://easyauto.ae/business/princess-cars/,3,1459,0.21%,8.61
https://easyauto.ae/business/adnoc-service-station-mahawi-917/,3,1397,0.21%,7.43
https://easyauto.ae/business/sparemax-auto-spare-parts-trading-llc-ajman/,3,1353,0.22%,9
https://easyauto.ae/business/kia-showroom-mussafah-maard-ky-lmsfh/,3,1254,0.24%,9.28
https://easyauto.ae/business/fast-and-furious-auto-care-tintingppfseatwrapping-more/,3,1167,0.26%,8.33
https://easyauto.ae/business/popular-auto-parts-automobile-accessories-top-auto-spare-parts-supplier-retailer-company-in-sharjah-uae/,3,1160,0.26%,13.36
https://easyauto.ae/business/red-planet-auto-new-spare-parts-tr-llc-sharjah/,3,1157,0.26%,5.82
https://easyauto.ae/business/galaxy-german-auto-spare-parts-l-l-c/,3,1154,0.26%,9.98
https://easyauto.ae/business/red-dot-auto-repair/,3,1117,0.27%,5.28
https://easyauto.ae/business/car-o-clock-f-z-c/,3,1101,0.27%,10.17
https://easyauto.ae/business/autopro-7511/,3,1076,0.28%,5.4
https://easyauto.ae/business/very-easy-car-sell-my-car-sell-any-car/,3,1009,0.3%,33.04
https://easyauto.ae/business/prowash-80/,3,977,0.31%,11.19
https://easyauto.ae/business/new-best-auto-spare-parts-co-ll-dip/,3,968,0.31%,11.3
https://easyauto.ae/business/golden-bearing-auto-spare-parts-trading-l-l-c/,3,967,0.31%,6.77
https://easyauto.ae/business/oh-my-car/,3,950,0.32%,7.84
https://easyauto.ae/business/bestune-al-khalid-auto/,3,940,0.32%,7.85
https://easyauto.ae/business/care-auto-repair-services/,3,922,0.33%,17.85
https://easyauto.ae/business/best-auto-parts-al-ain/,3,911,0.33%,7.24
https://easyauto.ae/business/al-ayyan-new-spare-parts-tr/,3,877,0.34%,7.53
https://easyauto.ae/business/car-lab-auto-repairs/,3,869,0.35%,9.14
https://easyauto.ae/business/park-lane-motors/,3,862,0.35%,16.81
https://easyauto.ae/business/jano-auto-repair/,3,851,0.35%,7.94
https://easyauto.ae/business/grace-auto-repair-workshop/,3,847,0.35%,8.61
https://easyauto.ae/business/baghdad-auto-spare-parts-l-l-c/,3,832,0.36%,11.4
https://easyauto.ae/business/popular-auto-parts-top-car-spare-parts-automobile-accessories-supplier-in-abu-dhabi-uae/,3,806,0.37%,7.72
https://easyauto.ae/business/beda-zayed-car-recovery/,3,796,0.38%,9.56
https://easyauto.ae/business/baghdad-al-jadeed-auto-spare-parts-tr-l-l-c/,3,796,0.38%,11.06
https://easyauto.ae/business/al-fajr-auto-spare-parts-llc/,3,792,0.38%,5.86
https://easyauto.ae/business/al-khalid-auto-spare-parts-trading/,3,751,0.4%,8.24
https://easyauto.ae/business/telal-al-khaleej-auto-spare-parts-tr/,3,744,0.4%,9.11
https://easyauto.ae/business/joker-automotive/,3,734,0.41%,8.57
https://easyauto.ae/business/al-tayer-motors-ford-al-barsha-pre-owned/,3,726,0.41%,14.15
https://easyauto.ae/business/totalenergies-bin-bader-cars-washing-station/,3,725,0.41%,8.89
https://easyauto.ae/business/renault-abu-dhabi-airport-road-showroom-al-masaood-automobiles/,3,712,0.42%,10.98
https://easyauto.ae/business/smart-repair-auto-services/,3,702,0.43%,15.63
https://easyauto.ae/business/auto-z-cars-trading-company-l-l-c-s-p-c-shrk-wtw-zy-ltjr-lsyrt-dh-m-m-sh-sh-w/,3,690,0.43%,7.28
https://easyauto.ae/business/korean-auto-parts-hyundai-and-kia/,3,650,0.46%,26.51
https://easyauto.ae/business/motrox-automotive-car-oil-change-car-ac-repair-car-painting-and-polishing-in-al-quoz-dubai/,3,632,0.47%,8.58
https://easyauto.ae/business/jithu-garage-ajman/,3,611,0.49%,4.9
https://easyauto.ae/business/model-automotive-parts-est-al-ain-branch/,3,603,0.5%,9.64
https://easyauto.ae/business/adnoc-auto-car-wash-al-taawan-183/,3,587,0.51%,8.22
https://easyauto.ae/business/al-rahmaniyah-auto-spare-parts/,3,559,0.54%,16.06
https://easyauto.ae/business/kassab-car-recovery-services/,3,551,0.54%,5.48
https://easyauto.ae/business/foilx-custom-car-wrapping-foiling-body-workshop/,3,551,0.54%,45.58
https://easyauto.ae/business/silkway-cars-sharjah/,3,541,0.55%,7.28
https://easyauto.ae/business/ahad-ali-vehicles-recovery-dubai/,3,539,0.56%,13.01
https://easyauto.ae/business/warsan-car-wash-l-l-c/,3,536,0.56%,5.74
https://easyauto.ae/business/new-diamond-palace-car-wash/,3,527,0.57%,6.89
https://easyauto.ae/business/noor-al-najah-auto-parts-trading/,3,509,0.59%,9.69
https://easyauto.ae/business/totalenergies-al-nakhla-car-wash/,3,506,0.59%,8.9
https://easyauto.ae/business/fast-car-recovery-service/,3,499,0.6%,15.02
https://easyauto.ae/business/popular-auto-parts-spare-parts-suppliers-top-car-parts-supplier-company-in-abu-dhabi-uae/,3,495,0.61%,25.27
https://easyauto.ae/business/zarouni-auto-parts-jaz-auto-spare-parts-trd-llc-ras-al-khaimah-br/,3,484,0.62%,7.18
https://easyauto.ae/business/dunlop-service-center-al-ain-branch/,3,475,0.63%,9.63
https://easyauto.ae/business/sharjah-car-towing-recovery-2/,3,458,0.66%,20.4
https://easyauto.ae/business/sree-auto-spare-parts-trading-llc-sasp/,3,456,0.66%,7.87
https://easyauto.ae/business/al-yad-auto-spare-parts-trading-llc/,3,444,0.68%,11.47
https://easyauto.ae/business/carmate-auto-care-car-service-center-abu-dhabi-krj-kr-myt/,3,443,0.68%,9.64
https://easyauto.ae/business/al-etisam-spare-parts-trading-est/,3,434,0.69%,8.5
https://easyauto.ae/business/adnoc-manual-car-wash-rabadan-162/,3,414,0.72%,7.94
https://easyauto.ae/business/speed-wheel-car-care/,3,404,0.74%,4.84
https://easyauto.ae/business/emirates-sunrise-automotive-parts-co-wll-ford-jeep-dodge-gmc-chevrolet/,3,404,0.74%,9.83
https://easyauto.ae/business/keno-car-wash/,3,403,0.74%,12.63
https://easyauto.ae/business/harary-auto-upholstery-accessories/,3,393,0.76%,7
https://easyauto.ae/business/tareeq-al-khaleej-car-wash/,3,389,0.77%,7.4
https://easyauto.ae/business/auto-express-tyres-llc-umq/,3,386,0.78%,7.76
https://easyauto.ae/business/al-tahmena-used-car-f-z-e/,3,383,0.78%,8.94
https://easyauto.ae/business/jac-showroom-service-parts-ras-al-khaimah-al-habtoor-motors/,3,372,0.81%,10.93
https://easyauto.ae/business/blue-sky-car-wash-mussafah-10/,3,370,0.81%,10.6
https://easyauto.ae/business/auto-mart-motors/,3,367,0.82%,14.86
https://easyauto.ae/business/al-dawali-car-accessories/,3,352,0.85%,6.46
https://easyauto.ae/business/car-garage-expert-motor-city-br/,3,348,0.86%,15.98
https://easyauto.ae/business/easy-care-auto-service/,3,342,0.88%,8.89
https://easyauto.ae/business/motorworks-auto-garage-llc/,3,339,0.88%,8.53
https://easyauto.ae/business/cambay-cars/,3,338,0.89%,6.56
https://easyauto.ae/business/smart-star-autospare-parts-trading-l-l-c/,3,337,0.89%,14.36
https://easyauto.ae/business/new-cars-city-fzc/,3,335,0.9%,7.67
https://easyauto.ae/business/al-yamama-heavy-equipment-spare-parts-llc-rak-br/,3,334,0.9%,9.09
https://easyauto.ae/business/automax-carwash/,3,327,0.92%,3.87
https://easyauto.ae/business/alfa-used-auto-spare-parts-ras-al-khaima-u-a-e/,3,323,0.93%,6.95
https://easyauto.ae/business/parts-gallary-auto-spare-parts-trading-llc/,3,322,0.93%,13.02
https://easyauto.ae/business/elite-auto-spare-parts/,3,308,0.97%,9.75
https://easyauto.ae/business/emerald-spare-parts-llc-showroom/,3,307,0.98%,8.58
https://easyauto.ae/business/adnoc-service-station-marabia-aldafra-742/,3,305,0.98%,6.07
https://easyauto.ae/business/delta-auto-spare-parts-s-p-s-llc/,3,294,1.02%,6.93
https://easyauto.ae/business/al-jamhoor-tyre-shop-dibba/,3,293,1.02%,17.11
https://easyauto.ae/business/khorfakkan-tyres-and-auto-repair-llc/,3,281,1.07%,9.91
https://easyauto.ae/business/al-jazeera-car-washing-al-hamra-rak/,3,274,1.09%,6.29
https://easyauto.ae/business/al-alam-used-car-trading-rak-uae/,3,273,1.1%,10.73
https://easyauto.ae/business/best-auto-spare-parts-llc/,3,271,1.11%,21.51
https://easyauto.ae/business/al-aswar-spare-parts-llc-br5/,3,263,1.14%,6.98
https://easyauto.ae/business/al-nasr-cars-showroom/,3,262,1.15%,8.84
https://easyauto.ae/business/al-ghazal-car-wash-center-tyre-repairing-service/,3,259,1.16%,5.97
https://easyauto.ae/business/tarif-car-accessories/,3,252,1.19%,6.69
https://easyauto.ae/business/al-nakheel-auto-spare-parts-fujairah/,3,252,1.19%,7.72
https://easyauto.ae/business/car-recovery-services-tarif-abu-dhabi/,3,246,1.22%,37.7
https://easyauto.ae/business/al-kainat-auto-spare-parts-trading/,3,244,1.23%,8.18
https://easyauto.ae/business-category/auto-parts-store/,3,243,1.23%,10.88
https://easyauto.ae/business/shatry-trading-llc-brnach-m23-lshtry-lltjr-m23/,3,240,1.25%,7.62
https://easyauto.ae/business/al-rashed-tyre-fujairah-automo/,3,233,1.29%,9.59
https://easyauto.ae/business/ras-al-khaimah-recovery-towing-services-rs-lkhym-rykfry/,3,229,1.31%,11.78
https://easyauto.ae/business/super-shine-car-polishing/,3,226,1.33%,6.91
https://easyauto.ae/business/gulf-territories-in-for-the-repair-of-tires-llc/,3,212,1.42%,4.35
https://easyauto.ae/business/auto-zone-spare-parts-al-ain/,3,210,1.43%,4.31
https://easyauto.ae/business/ajman-recovery-services-khosa/,3,203,1.48%,3.47
https://easyauto.ae/business/al-aslia-auto-spare-part-mercedes-benz/,3,202,1.49%,5.3
https://easyauto.ae/business/new-moon-used-cars/,3,201,1.49%,18.67
https://easyauto.ae/business/london-rent-a-car-llc/,3,200,1.5%,7.47
https://easyauto.ae/business/al-sayek-car-polishing-and-cleaning-car-wash/,3,198,1.52%,4.61
https://easyauto.ae/business/al-chaman-auto-repairing-l-l-c/,3,198,1.52%,7.4
https://easyauto.ae/business/middle-track-vehicles-recovery-llc/,3,197,1.52%,10.16
https://easyauto.ae/business/mohd-noor-ud-din-auto-spare-parts-br/,3,193,1.55%,5.54
https://easyauto.ae/business/fine-spire-mobile-carwash/,3,192,1.56%,3.18
https://easyauto.ae/business/mani-car-recovery-service-deira/,3,190,1.58%,8.63
https://easyauto.ae/business/al-nasr-used-cars/,3,190,1.58%,9.93
https://easyauto.ae/business/towing-and-roadside-assistance-fujairah-khdm-lfjyr-llstrdd-wlqtr/,3,174,1.72%,23.29
https://easyauto.ae/business/babar-khalil-vehicles-recovery/,3,165,1.82%,5.96
https://easyauto.ae/business/al-omran-auto-spare-parts-trading/,3,165,1.82%,7.34
https://easyauto.ae/business/desert-diamond-car-upholstery-wrapping-modification/,3,164,1.83%,8.98
https://easyauto.ae/business/vogue-car-polishing-accessories/,3,159,1.89%,5.1
https://easyauto.ae/business/bin-hamoodah-auto-al-dhafra-branch/,3,159,1.89%,8.09
https://easyauto.ae/business/arabian-auto-parts-trad-llc/,3,152,1.97%,6.43
https://easyauto.ae/business/emirates-falcon-car-accessories-and-mobile-phones/,3,150,2%,4.68
https://easyauto.ae/business/sama-al-dhaid-used-auto-tr-llc/,3,135,2.22%,6.39
https://easyauto.ae/business/saham-al-fajr-cars-services/,3,127,2.36%,4.65
https://easyauto.ae/business/alayyan-car-accesoories/,3,123,2.44%,6.24
https://easyauto.ae/business/emperor-car-wash-polishing/,3,119,2.52%,2.39
https://easyauto.ae/business/al-yarmouk-cars-towing-servicelyrmwk-llqtr-lsyrt/,3,113,2.65%,9.51
https://easyauto.ae/business/al-bereky-used-spare-parts-trading-est/,3,110,2.73%,4.86
https://easyauto.ae/business/afamia-automobile-repair-company/,3,108,2.78%,4.39
https://easyauto.ae/business/noor-al-ain-auto-spare-parts-t/,3,106,2.83%,5.41
https://easyauto.ae/business/sajja-car-recovery-services-2/,3,106,2.83%,8.17
https://easyauto.ae/business/miad-car-service-station/,3,102,2.94%,4.25
https://easyauto.ae/business/al-wasel-auto-spare-parts-tr-co-l-l-c/,3,99,3.03%,7.13
https://easyauto.ae/business/toyota-auto-spare-parts-in-dubai/,3,97,3.09%,9.57
https://easyauto.ae/business/zic-motor-oil-and-loundary/,3,90,3.33%,3.62
https://easyauto.ae/business/mohd-saifuddin-auto-parts/,3,90,3.33%,8.1
https://easyauto.ae/business/eurostar-rent-a-car-porsche-musaffah-service-center-branch/,3,89,3.37%,5.01
https://easyauto.ae/business/arab-car-wash/,3,88,3.41%,8.64
https://easyauto.ae/business/al-h-a-m-o-o-r-used-cars-tr/,3,86,3.49%,6.45
https://easyauto.ae/business/superfix-auto-center-baniyas-swbrfks-ltrkyb-wslh-ltrt-bny-ys/,3,83,3.61%,10.01
https://easyauto.ae/business/buyanycar-com-abu-dhabi-khalidiyah-mall/,3,81,3.7%,7.48
https://easyauto.ae/business/mohammed-khan-auto-parts-trading-shope/,3,77,3.9%,5.56
https://easyauto.ae/business/al-raos-car-wash-and-servicing/,3,77,3.9%,11.88
https://easyauto.ae/business/al-afdal-car-wash-lfdl-lgsyl-lsyrt-rs-lkhym/,3,72,4.17%,4.99
https://easyauto.ae/business/r15-car-wash/,3,70,4.29%,8.01
https://easyauto.ae/business/zeno-car-wash/,3,69,4.35%,3.88
https://easyauto.ae/business/narjis-used-cars-trdg-exhibition/,3,66,4.55%,3.73
https://easyauto.ae/business/pak-bd-auto-spare-parts-trading/,3,61,4.92%,3.77
https://easyauto.ae/business/brilliance-fujairah/,3,57,5.26%,4.23
https://easyauto.ae/business/madinat-khaiber-car-wash/,3,56,5.36%,3.07
https://easyauto.ae/business/sign-gold-recovery-and-general-transport/,3,56,5.36%,12.64
https://easyauto.ae/business/rum-garage-and-car-wash/,3,45,6.67%,8.33
https://easyauto.ae/business/al-tayseer-auto-spare-parts/,3,45,6.67%,17.67
https://easyauto.ae/business/meknik-auto-garage-llc/,3,30,10%,4.67
https://easyauto.ae/business/al-zubair-truck-tyre-trading/,3,29,10.34%,7.28
https://easyauto.ae/business/first-city-spare-parts-accessories/,3,27,11.11%,2.48
https://easyauto.ae/business/sharjah-car-towing-recovery/,3,27,11.11%,6.37
https://easyauto.ae/business/borgward-showroom/,3,21,14.29%,3.9
https://easyauto.ae/business/jetour-showroom-al-quoz/,2,9403,0.02%,10.75
https://easyauto.ae/business/nissan-showroom-najda-al-masaood-automobiles/,2,6244,0.03%,9.65
https://easyauto.ae/business/carhub-auto-accessories-abu-dhabi/,2,3967,0.05%,11.32
https://easyauto.ae/business/volvo-showroom-dubai-festival-city/,2,2648,0.08%,9.7
https://easyauto.ae/business/toyota-showroom-madinat-zayed-abu-dhabi/,2,2490,0.08%,11.09
https://easyauto.ae/business/automotive-repair-systems-llc-al-quoz/,2,2285,0.09%,44.51
https://easyauto.ae/business/elite-international-motors-land-rover-jaguar-spare-parts-accessories-specialist/,2,1904,0.11%,8.88
https://easyauto.ae/business/international-motoring-club-l-l-c-imc/,2,1783,0.11%,8.3
https://easyauto.ae/business/al-futtaim-automall-trade/,2,1577,0.13%,18.66
https://easyauto.ae/business/auto-koroosh-3m-authorized-auto-care/,2,1545,0.13%,8.98
https://easyauto.ae/business/honda-sheikh-zayed-road-car-service-centre-trading-enterprises/,2,1379,0.15%,8.46
https://easyauto.ae/business/haval-great-wall-showroom-and-service-center-fujairah/,2,1333,0.15%,11.1
https://easyauto.ae/business/jannat-auto-new-spare-parts-branch-2/,2,1279,0.16%,6.67
https://easyauto.ae/business/car-centre-service-sharjah/,2,1252,0.16%,19.61
https://easyauto.ae/business/infiniti-centre-sharjah-arabian-automobiles-llc/,2,1205,0.17%,18.45
https://easyauto.ae/business/adnoc-car-wash-auto-and-manual-washing-2/,2,1175,0.17%,13.01
https://easyauto.ae/business/glitz-car-care-ultimate-paint-protection-in-dubai-ppf-ceramic-coating-window-tint-xpel-union-delta/,2,1124,0.18%,8.67
https://easyauto.ae/business/toyota-showroom-ras-al-khaimah/,2,1118,0.18%,11.04
https://easyauto.ae/business/bravo-car-washing/,2,1109,0.18%,4.45
https://easyauto.ae/business/lexus-showroom-ajman/,2,1095,0.18%,10.08
https://easyauto.ae/business/topgear-detailing-ajman-car-tinting-car-polishing-ceramic-coating-and-ppf/,2,999,0.2%,8.25
https://easyauto.ae/business/blue-bird-car-wash/,2,989,0.2%,4.1
https://easyauto.ae/business/al-futtaim-motors-light-commercial-vehicles-pre-owned-showroom-and-service-center/,2,989,0.2%,35.94
https://easyauto.ae/business/abu-ali-trading-establishment-satwa/,2,957,0.21%,8.35
https://easyauto.ae/business/al-ijtihad-auto-spare-parts-tr/,2,948,0.21%,8.94
https://easyauto.ae/business/noble-auto-repair-workshop/,2,933,0.21%,7.77
https://easyauto.ae/business/jeep-sharjah-showroom-trading-enterprises/,2,926,0.22%,19.06
https://easyauto.ae/business/zarouni-auto-parts-main-br/,2,897,0.22%,5.69
https://easyauto.ae/business/first-stop-al-ofoq-al-malaki-car-service-al-khan-branch/,2,882,0.23%,8.12
https://easyauto.ae/business/sparemate-auto-spare-parts-trading/,2,869,0.23%,9.23
https://easyauto.ae/business-category/car-accessories-store/,2,845,0.24%,12.69
https://easyauto.ae/business/sell-your-motors-dubai-sell-my-car-your-car-or-any-car-in-dubai/,2,842,0.24%,18.43
https://easyauto.ae/business/adnoc-car-wash-auto-and-manual-washing/,2,841,0.24%,14.11
https://easyauto.ae/business/firstpro-car-care-night-sky-auto/,2,833,0.24%,9.05
https://easyauto.ae/business/toyota-showroom-dfc/,2,833,0.24%,10.58
https://easyauto.ae/business/nissan-sales-showroom-musaffah-al-masaood-automobiles/,2,808,0.25%,8.6
https://easyauto.ae/business/drive-zone-auto-parts-car-accessories/,2,789,0.25%,7.59
https://easyauto.ae/business/winway-auto-parts-llc/,2,782,0.26%,8.33
https://easyauto.ae/business/dubai-recovery-services-rt/,2,777,0.26%,46.11
https://easyauto.ae/business/emarat-ibn-battuta/,2,762,0.26%,8.55
https://easyauto.ae/business/totalenergies-al-sir-cars-service-center-br-1/,2,734,0.27%,12.27
https://easyauto.ae/business/rukn-al-saja-auto-spare-parts-trading-llc/,2,717,0.28%,9.02
https://easyauto.ae/business/autolab-car-detailing-dubai/,2,710,0.28%,8.76
https://easyauto.ae/business/medellin-auto-services/,2,696,0.29%,8.05
https://easyauto.ae/business/nissan-service-center-al-ain-al-masaood-automobiles/,2,686,0.29%,15.68
https://easyauto.ae/business/zarouni-auto-parts-br1/,2,678,0.29%,5.59
https://easyauto.ae/business/star-square-deal-motors/,2,678,0.29%,9.29
https://easyauto.ae/business/al-ghandi-auto-parts-abu-dhabi/,2,677,0.3%,35.57
https://easyauto.ae/business/insurancemarket-ae/,2,674,0.3%,25.13
https://easyauto.ae/business/awawdeh-auto-spare-parts/,2,662,0.3%,9.95
https://easyauto.ae/business/al-futtaim-automall-ajman-showroom/,2,621,0.32%,10.67
https://easyauto.ae/business/aarya-premium-auto-ev-german-car-repair-abu-dhabi/,2,620,0.32%,12.34
https://easyauto.ae/business/car-hero-mobile-tire-repair-fitting-and-battery-24-hours-emergency-services/,2,609,0.33%,12.16
https://easyauto.ae/business/public-spare-parts-br-2/,2,598,0.33%,5.07
https://easyauto.ae/business/al-mizan-al-thahabi-auto-spare-parts-llc-rak/,2,590,0.34%,9.75
https://easyauto.ae/business/popular-auto-parts-automobile-accessories-car-auto-spare-parts-supplier-retailer-in-abu-dhabi-uae/,2,590,0.34%,43.19
https://easyauto.ae/business/dodge-sheikh-zayed-road-service-center-trading-enterprises/,2,587,0.34%,33.1
https://easyauto.ae/business/prime-auto-repair-llc/,2,578,0.35%,8.74
https://easyauto.ae/business/three-star-car-wash-and-hot-wash/,2,567,0.35%,3.79
https://easyauto.ae/business/auto-world-general-trading-l-l-c-body-kits-spare-parts-dubai-shop-1/,2,565,0.35%,9.93
https://easyauto.ae/business/joy-scrap/,2,559,0.36%,6.68
https://easyauto.ae/business/ali-hassan-car-recovery-dubai/,2,544,0.37%,8.19
https://easyauto.ae/business/summit-towing-service/,2,543,0.37%,5.2
https://easyauto.ae/business/adnoc-auto-car-wash-yas-south-687/,2,540,0.37%,7.48
https://easyauto.ae/business/wrap-pro-car-care-wrap-pro-car-window-tint-ppf-xpel-3m-lumer-wrap-vinyl-ceramic-smart-paint-polish-mechanic-dent-removal/,2,524,0.38%,7.73
https://easyauto.ae/business/dfsk-abu-dhabi-khalidiyah-showroom-green-motors/,2,515,0.39%,7.74
https://easyauto.ae/business/al-fauz-auto-spare-parts-trading-l-l-c-truck-spare-parts-in-dubai/,2,513,0.39%,8.61
https://easyauto.ae/business/popular-auto-parts-top-auto-spare-parts-automobile-accessories-supplier-in-abu-dhabi-uae/,2,479,0.42%,47.54
https://easyauto.ae/business/parts-gallary-auto-spare-parts-trd-llc-abu-dhabi-br/,2,476,0.42%,10.82
https://easyauto.ae/business/grace-cars-care/,2,475,0.42%,3.34
https://easyauto.ae/business/mechyard-auto-repair-garage-llc/,2,463,0.43%,5.2
https://easyauto.ae/business/seres-ras-al-khaimah-showroom-green-motors/,2,461,0.43%,6.86
https://easyauto.ae/business/renault-sharjah-showroom-arabian-automobiles-llc/,2,461,0.43%,11.07
https://easyauto.ae/business/al-ain-car-recovery-roadside-assistance/,2,460,0.43%,28.68
https://easyauto.ae/business/fair-deal-auto-repairing/,2,448,0.45%,4.59
https://easyauto.ae/business/sparemax-auto-spare-parts-trading-llc-al-ain-abu-dhabi/,2,448,0.45%,9.87
https://easyauto.ae/business/al-humaid-car-washing/,2,446,0.45%,4.54
https://easyauto.ae/business/gg-recovery-24-7-car-recovery-dubai-sharjah/,2,442,0.45%,29.52
https://easyauto.ae/business/saud-car-washing-oil-changing-tinting-accessories/,2,440,0.45%,5.16
https://easyauto.ae/business/al-najad-auto-spare-parts-gmc-chevrolet-hummer-ford-jeep-dodge-chrysler/,2,429,0.47%,5.99
https://easyauto.ae/business/lusso-car-design-llc/,2,423,0.47%,8.3
https://easyauto.ae/business/pro-touch-car-washing/,2,418,0.48%,6.46
https://easyauto.ae/business/janatha-garage-uae-garages-in-ajman-2/,2,412,0.49%,9.88
https://easyauto.ae/business/al-adil-auto-spare-parts-trading-llc/,2,402,0.5%,6.95
https://easyauto.ae/business/aswar-al-dhaid-auto-used-cars-and-spare-parts/,2,396,0.51%,8.08
https://easyauto.ae/business/al-baz-cars-service-centre-best-and-good-car-washoil-change-centre-in-sharjah-and-in-dubai-with-accessories/,2,395,0.51%,6.62
https://easyauto.ae/business/madeena-al-amwaj-auto-worskhop-mechanical-dent-paint-electrical-ac-work-car-detailing-tint-car-wash-polishing/,2,390,0.51%,6.69
https://easyauto.ae/business/al-mumtaz-auto-spare-parts-trading-llc/,2,390,0.51%,9.63
https://easyauto.ae/business/al-wadi-used-auto-parts-trading-l-l-c/,2,385,0.52%,7.57
https://easyauto.ae/business/western-motors-llc-service-centre/,2,385,0.52%,9.47
https://easyauto.ae/business/gulf-motors-auto-parts-br/,2,373,0.54%,6.67
https://easyauto.ae/business/ajman-beach-car-care-center/,2,357,0.56%,6.57
https://easyauto.ae/business/sv-motors-uae/,2,357,0.56%,7.06
https://easyauto.ae/business/avvic-auto-spare-parts-l-l-c-branch/,2,353,0.57%,9.11
https://easyauto.ae/business/al-madina-al-jadida-car-washing-car-polishing-ajman/,2,352,0.57%,12.66
https://easyauto.ae/business/korea-auto-spare-parts-trdgkap/,2,349,0.57%,6.4
https://easyauto.ae/business/mitsubishi-showroom-service-center-parts-ras-al-khaimah-al-habtoor-motors/,2,349,0.57%,8.02
https://easyauto.ae/business/al-heera-auto-spare-parts-trading-l-l-c/,2,345,0.58%,7.26
https://easyauto.ae/business/motopro-auto-service-l-l-c/,2,344,0.58%,9.56
https://easyauto.ae/business/al-sehab-auto-spare-parts-trading/,2,343,0.58%,7.21
https://easyauto.ae/business-category/car-dealer/page/18/,2,338,0.59%,10.49
https://easyauto.ae/business/ozone-car-care-3m-authorized-autocare-centre/,2,335,0.6%,5.96
https://easyauto.ae/business/auto-clean-car-wash/,2,322,0.62%,13.73
https://easyauto.ae/business/best-auto-parts-shop/,2,317,0.63%,21.56
https://easyauto.ae/business/captain-nueve/,2,315,0.63%,7.74
https://easyauto.ae/business/zakariya-auto-spare-parts-trading-llc-truck-spare-parts-store-in-dubai/,2,313,0.64%,17.82
https://easyauto.ae/business/tareeq-alnabaa-auto-spare-parts-tr-llc/,2,304,0.66%,7.74
https://easyauto.ae/business/frsn-lkhlyj-trkyb-jld-lsyrt-fursaan-al-khaleej-car-wrap-accessories/,2,302,0.66%,21.55
https://easyauto.ae/business/naser-mohsin-auto-spare-parts-l-l-c-branch-2/,2,301,0.66%,10.09
https://easyauto.ae/business/abdulla-saeed-tyre-repairing-llc/,2,299,0.67%,4.56
https://easyauto.ae/business/al-rahba-spare-parts-tyre-trading/,2,291,0.69%,15.62
https://easyauto.ae/business/prowash-1702/,2,286,0.7%,3.93
https://easyauto.ae/business/al-zahraa-al-jadeeda-auto-spare-parts-trading-llc/,2,284,0.7%,7.46
https://easyauto.ae/business/ziebart/,2,283,0.71%,9.72
https://easyauto.ae/business/recovery-services-rak/,2,283,0.71%,12.77
https://easyauto.ae/business/mr-mechanic-auto-repair-dubai/,2,280,0.71%,7.56
https://easyauto.ae/business/maraya-car-wash-and-polishing/,2,277,0.72%,4.04
https://easyauto.ae/business/al-tawash-neon/,2,275,0.73%,6.44
https://easyauto.ae/business/reema-auto-repair-workshop-llc/,2,271,0.74%,5.51
https://easyauto.ae/business/autostrad-rent-a-car-al-dhannah-mall/,2,266,0.75%,11.52
https://easyauto.ae/business/adnoc-service-station-tawazun-718/,2,262,0.76%,4.94
https://easyauto.ae/business/adnoc-auto-car-wash-emirates-585/,2,261,0.77%,11.61
https://easyauto.ae/business/recovery-services-umm-al-quwain/,2,258,0.78%,8.55
https://easyauto.ae/business/union-motors-changan-autos/,2,258,0.78%,9.71
https://easyauto.ae/business/zameel-cars/,2,252,0.79%,8.75
https://easyauto.ae/business/al-hamra-washing-car/,2,251,0.8%,8
https://easyauto.ae/business/naoki-automotive-systems-llc-showroom/,2,246,0.81%,8.58
https://easyauto.ae/business/gentlemens-garage-auto-services-car-service-car-garage-car-repair-in-dubai/,2,246,0.81%,9.8
https://easyauto.ae/business/al-sir-cars-service-center-branch-3/,2,245,0.82%,5.72
https://easyauto.ae/business/mpr-for-auto-mechanical-repair-premium-cars-garage-ac-services-batteries-engine-services-oil-filter-change/,2,242,0.83%,7.44
https://easyauto.ae/business/al-danah-auto-spare-part-l-l-c/,2,238,0.84%,5.31
https://easyauto.ae/business/fahad-auto-garage-car-repairs-shop-fujairah-tabby-accepted-here-wrsh-tslyh-syrt-lfjyr/,2,238,0.84%,7.96
https://easyauto.ae/business/expat-autos-certified-pre-owned/,2,238,0.84%,11.78
https://easyauto.ae/business/al-shibl-car-wash/,2,237,0.84%,4.88
https://easyauto.ae/business/al-ain-star-auto-spare-parts-br-3/,2,236,0.85%,4.48
https://easyauto.ae/business/munich-car-trading-llc/,2,236,0.85%,10.61
https://easyauto.ae/business/al-fazal-auto-spare-parts-trading/,2,234,0.85%,7.58
https://easyauto.ae/business/origin8-x-jem-auto-detailing-ppf-tint-car-care/,2,233,0.86%,4.96
https://easyauto.ae/business/al-mohara-car-wash-station/,2,232,0.86%,7.18
https://easyauto.ae/business/al-ehtiyaj-auto-spare-parts-br-batayeh/,2,227,0.88%,7.17
https://easyauto.ae/business/al-siraj-car-washing-and-accessories/,2,222,0.9%,8.29
https://easyauto.ae/business/joy-garage/,2,221,0.9%,7.27
https://easyauto.ae/business/wrapido-car-care-wrapping-ppf-tinting/,2,220,0.91%,6.19
https://easyauto.ae/business/barakat-auto-spare-parts-llc-ajman/,2,219,0.91%,7.33
https://easyauto.ae/business/i-care-car-express/,2,216,0.93%,3.69
https://easyauto.ae/business/dar-al-nahdha-auto-spare-parts-tr/,2,209,0.96%,6.47
https://easyauto.ae/business/car-recovery-abu-dhabi-2/,2,205,0.98%,48.94
https://easyauto.ae/business/al-saqer-car-accessories/,2,204,0.98%,7.11
https://easyauto.ae/business/al-khayal-car-washpolishing/,2,203,0.99%,6.96
https://easyauto.ae/business/kenz-car-wash-knz-lgsyl-lsyrt/,2,202,0.99%,7.16
https://easyauto.ae/business/al-asrar-auto-spare-parts-trading/,2,198,1.01%,9.17
https://easyauto.ae/business/al-hassani-car-wash-branch-3/,2,197,1.02%,6.43
https://easyauto.ae/business/asad-ali-towing-services/,2,197,1.02%,6.54
https://easyauto.ae/business/bab-al-rola-used-cars/,2,195,1.03%,6.69
https://easyauto.ae/business/max-1-motors/,2,195,1.03%,6.73
https://easyauto.ae/business/porsche-service-centre-fujairah/,2,194,1.03%,7.11
https://easyauto.ae/business/autozone-auto-spare-parts-llc-hyundai-kia/,2,194,1.03%,13.41
https://easyauto.ae/business-category/auto-parts-store/page/19/,2,193,1.04%,5.84
https://easyauto.ae/business/rami-nasri-bmw-sales-abu-dhabi-motors/,2,191,1.05%,6.76
https://easyauto.ae/business/areej-car-rental/,2,190,1.05%,4.99
https://easyauto.ae/business/al-borj-al-malaky-car-wash-and-polishing/,2,189,1.06%,4.83
https://easyauto.ae/business/rashidi-brothers-tyre-shop-oil-and-tires-mhl-rshydy-w-khwnh-trt-w-tbdyl-zywt/,2,187,1.07%,6.21
https://easyauto.ae/business/al-afgani-modern-car-repairing/,2,181,1.1%,5.92
https://easyauto.ae/business/nabaa-al-dhaid-car-auto-accessories/,2,181,1.1%,7.41
https://easyauto.ae/business/mohammed-qayas-used-auto-parts-shop/,2,179,1.12%,6.84
https://easyauto.ae/business/trofeo-detailing/,2,173,1.16%,18.42
https://easyauto.ae/business/west-city-auto-spare-parts-llc/,2,171,1.17%,8.73
https://easyauto.ae/business/osaka-auto-spare-parts/,2,169,1.18%,7.2
https://easyauto.ae/business/al-shaheen-al-arabi-auto-spare-parts-trading/,2,168,1.19%,7.55
https://easyauto.ae/business/rak-used-auto-spare-parts/,2,168,1.19%,8.6
https://easyauto.ae/business/fast-tire-service-24-7-tire-repair-new-tires-battery/,2,167,1.2%,10.81
https://easyauto.ae/business/clickwrap-advertising-signboard-manufacturer-in-abu-dhabi/,2,163,1.23%,4.06
https://easyauto.ae/business/saeed-musabbeh-alaleeli-auto-spare-parts-l-l-c/,2,163,1.23%,4.61
https://easyauto.ae/business/cs-motors/,2,156,1.28%,6.05
https://easyauto.ae/business/cool-king-auto-a-c-spare-parts/,2,155,1.29%,4.2
https://easyauto.ae/business/urwa-auto-spare-partshyundai-kiafujairah/,2,149,1.34%,5.81
https://easyauto.ae/business/the-best-auto-repair-workshop/,2,146,1.37%,5.4
https://easyauto.ae/business/primeshine-car-wash-detailing/,2,144,1.39%,4.88
https://easyauto.ae/business/al-alam-car-wash/,2,144,1.39%,5.99
https://easyauto.ae/business/al-sharqiyah-tyre-trading/,2,143,1.4%,5.19
https://easyauto.ae/business/car-wash-and-service-al-shabab/,2,142,1.41%,5.52
https://easyauto.ae/business/al-rams-car-wash/,2,141,1.42%,11.63
https://easyauto.ae/business/signature-car-care-al-ain/,2,139,1.44%,7.36
https://easyauto.ae/business/al-sabah-auto-spare-parts/,2,136,1.47%,9.75
https://easyauto.ae/business/masutha-carwash/,2,135,1.48%,5.27
https://easyauto.ae/business/al-ataya-car-wash/,2,135,1.48%,8.71
https://easyauto.ae/business/al-ishfaq-used-cars-fzc-ajman/,2,133,1.5%,6.02
https://easyauto.ae/business/chakwal-recovery-abudhabi/,2,132,1.52%,5.64
https://easyauto.ae/business/page/244/,2,129,1.55%,10.84
https://easyauto.ae/business/aksa-trade-auto-spare-parts-accessories/,2,126,1.59%,6.21
https://easyauto.ae/business/the-diamond-arrow-cars-cleaning/,2,126,1.59%,9.29
https://easyauto.ae/business/mg-auto-spare-parts-trading-l-l-c/,2,126,1.59%,10.73
https://easyauto.ae/business/avatr-dubai-showroom/,2,125,1.6%,9.26
https://easyauto.ae/business/auto-spare-parts-dubai/,2,124,1.61%,59.15
https://easyauto.ae/business/al-muheet-al-thahabi-car-service/,2,121,1.65%,5.02
https://easyauto.ae/business/mohammed-sohrab-automotive-parts-shop/,2,121,1.65%,5.03
https://easyauto.ae/business/al-shaab-new-spare-parts-shop/,2,119,1.68%,6.58
https://easyauto.ae/business/khalid-al-hammadi-auto-spare-parts-br-4/,2,118,1.69%,8.25
https://easyauto.ae/business/h-a-r-car-towing-service/,2,116,1.72%,8.77
https://easyauto.ae/business/gulf-way-auto-spare-parts-trading-llc-sharjah/,2,115,1.74%,8.27
https://easyauto.ae/business/danat-al-khor-auto-spare-parts-tr/,2,114,1.75%,5.18
https://easyauto.ae/business/chaos-auto-repairs-workshop/,2,113,1.77%,3.19
https://easyauto.ae/business/abc-used-cars-96/,2,113,1.77%,6.34
https://easyauto.ae/business/farman-ahmad-noshad-new-auto-spare-parts-tr/,2,110,1.82%,9.85
https://easyauto.ae/business/dar-al-mandoos-used-auto-spare-parts/,2,108,1.85%,3.88
https://easyauto.ae/business/flex-car-wash-polish-detailing-5/,2,106,1.89%,2.57
https://easyauto.ae/business/smart-track-auto-spare-parts-trdg-fujeirah-br/,2,106,1.89%,5.7
https://easyauto.ae/business/dubai-international-auto-spare-parts-llc/,2,106,1.89%,7.45
https://easyauto.ae/business/sharin-auto-spare-parts-trading-l-l-c/,2,106,1.89%,7.77
https://easyauto.ae/business/alfaidh-garage-zarwali/,2,105,1.9%,3.28
https://easyauto.ae/business/famous-auto-used-spare-parts-tradings-llc/,2,103,1.94%,7.8
https://easyauto.ae/business/quest-car-spa-center-dibba-fujaira-branch-04/,2,103,1.94%,9.06
https://easyauto.ae/business/mohamed-yousef-used-spare-parts/,2,102,1.96%,4.14
https://easyauto.ae/business/go-car-wash/,2,102,1.96%,6.07
https://easyauto.ae/business/kenzies-car-wash-pacific-residence-al-marjan/,2,102,1.96%,6.51
https://easyauto.ae/business/jabel-almadina-car-wash-mgsl-syrt-jbl-lmdyn/,2,101,1.98%,5.82
https://easyauto.ae/business/experts-pro-car-care-ksbrts-brw-llaany-blsyrt/,2,101,1.98%,6.47
https://easyauto.ae/business/hongqi-fujairah-showroom/,2,100,2%,11.74
https://easyauto.ae/business/recovery-fujairah-city-center/,2,99,2.02%,15.86
https://easyauto.ae/business/5-nujoom-car-washing/,2,98,2.04%,3.71
https://easyauto.ae/business/nashco-max-car-shop-no-89/,2,96,2.08%,3.59
https://easyauto.ae/business/marhabtain-auto-spare-parts-llc/,2,95,2.11%,4.27
https://easyauto.ae/business/al-fazal-washing-and-polihing/,2,95,2.11%,5.55
https://easyauto.ae/business/al-nasireyat-garage-krj-lnsryt/,2,95,2.11%,6.87
https://easyauto.ae/business/chrysels/,2,94,2.13%,7.94
https://easyauto.ae/business/al-ghawas-cars-polishing-and-accessories/,2,93,2.15%,6.59
https://easyauto.ae/business/al-qusais-recovery-services/,2,93,2.15%,10.61
https://easyauto.ae/business/seven-brothers-used-cars-tr-b-l-c/,2,92,2.17%,6.71
https://easyauto.ae/business/pro-motors-showroom/,2,88,2.27%,5.7
https://easyauto.ae/business/abr-al-bihar-tr-co-llc/,2,87,2.3%,6.29
https://easyauto.ae/business/united-diesel-spare-parts-ras-al-khaimah/,2,87,2.3%,10.84
https://easyauto.ae/business/al-madam-transport-crane-rental-agency/,2,86,2.33%,5.66
https://easyauto.ae/business/trans-asia-general-mechanical-contracting/,2,86,2.33%,5.79
https://easyauto.ae/business/al-sayarah-al-malakiah-used-auto-spare-parts-trading/,2,86,2.33%,7.13
https://easyauto.ae/business/auto-master-fze/,2,86,2.33%,10.53
https://easyauto.ae/business/sema-al-dhaid-auto-accessories-trdg/,2,85,2.35%,6.58
https://easyauto.ae/business/max-used-auto-spare-parts-llc/,2,84,2.38%,10.51
https://easyauto.ae/business/magsi-car-wash-llc/,2,83,2.41%,4.3