Top queries,Clicks,Impressions,CTR,Position
burj khaibar cars auction,42,1045,4.02%,7.28
fujairah recovery,37,4002,0.92%,8.83
bh performance,33,804,4.1%,5.19
car wash near me,27,2060,1.31%,2.36
recovery near me,24,4294,0.56%,13.04
perfect cars abu dhabi,20,720,2.78%,4.86
baic abu dhabi,19,380,5%,3.85
sharjah recovery service,18,347,5.19%,28.68
ssg asia,17,1160,1.47%,9.19
ghayar auto spare parts,13,754,1.72%,6.57
seven stars korea auto parts,12,372,3.23%,8.51
car recovery sharjah,12,319,3.76%,42.05
dongfeng abu dhabi,11,346,3.18%,4.86
chinese car parts ajman,10,361,2.77%,5.16
ezy auto accessories,10,321,3.12%,4.06
emiratione motors/watches,10,310,3.23%,3.58
cars shipping llc,9,936,0.96%,6.65
perfect cars,9,415,2.17%,6.16
recovery service sharjah,9,289,3.11%,30.59
soueast showroom sheikh zayed road (szr) dubai,8,2602,0.31%,4.28
car wrapping ajman,7,581,1.2%,12.1
alba cars abu dhabi,7,424,1.65%,4.06
milano motors dubai,7,400,1.75%,10.09
havoline car wash sharjah,7,295,2.37%,3.23
regional steps trading llc,7,227,3.08%,6.17
amc motors trading llc,6,4515,0.13%,9.22
carolyn auto care,6,2114,0.28%,7.17
top shield auto care llc,6,908,0.66%,6.98
ajman car recovery,6,891,0.67%,30.26
city track cars,6,844,0.71%,6.13
baghdad spare parts ajman,6,563,1.07%,8.26
auto trust abu dhabi,6,507,1.18%,4.95
gulf motors auto parts,6,322,1.86%,5.46
ghayar,6,316,1.9%,9.54
ghayar auto spare parts - al quoz branch,6,165,3.64%,4.12
automall dfc,5,3331,0.15%,8.44
al rostamani auto trust car dealer,5,1982,0.25%,4.08
oldtimer motorcycles,5,1483,0.34%,8.84
salute auto repair,5,1417,0.35%,5.84
car recovery near me,5,1053,0.47%,15.98
oasis car wash,5,855,0.58%,6.34
kamdhenu cars abu dhabi,5,613,0.82%,6.17
oman spare parts rak,5,610,0.82%,6.67
recovery sharjah muwaileh,5,481,1.04%,6.13
al ajwa auto spare parts,5,456,1.1%,5.38
safari car wash,5,401,1.25%,6.68
sajid khan recovery,5,310,1.61%,2.65
car wash,5,255,1.96%,2.57
oldtimer motorcycles dubai,5,213,2.35%,8.83
easy auto,5,193,2.59%,8.51
byd showroom & discovery center - abu dhabi الصور,5,169,2.96%,5.93
used cars sharjah,5,142,3.52%,15.96
fit well auto parts,5,128,3.91%,6.9
shiners car wash,5,104,4.81%,5.14
used car ajman,5,83,6.02%,21.51
cars24 abu dhabi,4,1322,0.3%,10.34
byd showroom abu dhabi,4,1253,0.32%,8.49
chinese car parts l.l.c - ajman branch,4,937,0.43%,4.78
elite shine ras al khor,4,878,0.46%,8.71
landmark spare parts ajman,4,752,0.53%,6.14
prowash 1099,4,730,0.55%,3.94
alba cars,4,726,0.55%,9.78
landmark ajman jurf,4,716,0.56%,3.98
byd al ain,4,663,0.6%,3.92
kavak - buy & sell used cars - jebel ali - dubai photos,4,542,0.74%,7.24
oldtimer dubai,4,534,0.75%,9.09
bravo car wash,4,468,0.85%,3.11
mg showroom al ain,4,422,0.95%,8.97
used cars ras al khaimah,4,401,1%,16.26
landmark al ain,4,388,1.03%,7.7
emirati one motors,4,342,1.17%,7.84
rccr motors,4,327,1.22%,6.51
eurostar rent a car,4,308,1.3%,16.8
burj khaibar used cars,4,237,1.69%,6.59
mazda showroom - dubai sheikh zayed rd- galadari automobiles photos,4,214,1.87%,7.76
landmark auto spare parts al ain,4,205,1.95%,8.12
ghayar spare parts,4,198,2.02%,8.11
toyota showroom - ajman photos,4,192,2.08%,3.11
perfect used cars mussafah,4,192,2.08%,4.29
smart auto care abu dhabi,4,148,2.7%,8.98
chinese car parts dubai,4,111,3.6%,12.77
easy auto deal,4,21,19.05%,3.38
used car in ajman low price,4,7,57.14%,1.43
zodiac automobile repair,3,3897,0.08%,7.91
"exeed, al ghurair motors | al ittihad road dubai",3,3423,0.09%,8.59
exeed mussafah,3,1860,0.16%,4.66
wheel to wheel auto service station,3,1532,0.2%,7.16
byd showroom and discovery center - abu dhabi,3,1129,0.27%,6.23
dynatrade ruwais,3,961,0.31%,7.49
speedway ajman,3,830,0.36%,8.77
landmark auto spare parts ajman,3,807,0.37%,10.83
dongfeng abu dhabi - mahy khoory automotive,3,713,0.42%,5.72
prowash 1130,3,712,0.42%,2.91
baghdad auto spare parts trading establishment,3,668,0.45%,8.69
"car plaza dubai modification and accessories | car android screen | car 
wrapping |car seat covers | ppf | installation in dubai",3,592,0.51%,7.31
zee speed auto repair,3,589,0.51%,9.02
old timer dubai,3,565,0.53%,10.27
speedway auto spare parts trd llc auh br1,3,562,0.53%,4.44
royal track auto accessories,3,538,0.56%,6.3
toyota showroom - musaffah photos,3,512,0.59%,4.89
cars 24 abu dhabi,3,511,0.59%,10.94
prowash 1075,3,503,0.6%,3.06
tuning uae customs garage body shop dubai,3,451,0.67%,3.69
full down recovery,3,369,0.81%,10.7
first gear car polish and cleaning ajman,3,359,0.84%,4.68
dream cars dubai,3,351,0.85%,17.41
hexis middle east,3,332,0.9%,7.93
easyauto,3,301,1%,45.92
amc motors trading abu dhabi branch,3,280,1.07%,4.11
ajman car souq,3,271,1.11%,11.3
xa auto general repairing co. llc,3,258,1.16%,7.55
samira auto spare parts ajman,3,257,1.17%,13.82
copart uae auctions llc ( sharjah branch) photos,3,254,1.18%,3.91
carolyn auto care - l.l.c - s.p.c,3,253,1.19%,3.99
suzuki service & parts centre abu dhabi photos,3,236,1.27%,4.41
recovery ras al khor,3,230,1.3%,7.13
"deutsches auto service center- dascenter- ajman - german car specialists 
garage (audi-bmw-vw-mercedes-porsche) reviews",3,214,1.4%,3.34
nxt used cars - sharjah,3,203,1.48%,3.84
tyre house trading llc,3,194,1.55%,5.9
emiratione,3,182,1.65%,7.66
kamdhenu cars,3,178,1.69%,10.29
baniyas cars dubai,3,170,1.76%,8.31
ag cars services sharjah photos,3,165,1.82%,4.94
speed parts al ain,3,151,1.99%,3.55
pre owned cars abu dhabi,3,150,2%,59.02
adnoc service station | production city (329) dubai production city,3,147,2.04%,2.44
landmark auto spare parts,3,144,2.08%,6.24
royal car wash,3,140,2.14%,4.37
milano motors,3,134,2.24%,10.74
chinese car parts,3,134,2.24%,19.6
noor al safa auto spare parts,3,131,2.29%,4.37
"wadi tirah engine auto parts, changing engine oil, gear oil, battery 
replacement , computerised car inspection center. al ain",3,128,2.34%,2.81
rccr motors auto repair,3,125,2.4%,4.04
fiza motor,3,124,2.42%,5.94
recovery service,3,119,2.52%,41.76
recovery near me ajman,3,116,2.59%,9.8
mg used parts sharjah,3,112,2.68%,4.29
advantage spare parts,3,92,3.26%,7.09
autonation cars ras al khaimah,3,82,3.66%,4.85
premier auto parts ras al khaimah,3,79,3.8%,5.2
ghayar auto spare parts al quoz branch,3,70,4.29%,3
favorite car wash,3,66,4.55%,3.36
carwash near me,3,63,4.76%,2.33
landmark spare parts,3,61,4.92%,13.54
turbo car wash,3,59,5.08%,6.49
used cars al ain,3,47,6.38%,7.85
bada zayed recovery,3,45,6.67%,4.62
mister clean car wash,3,29,10.34%,8.97
vallo equipment spare parts trading,3,24,12.5%,5.17
used car in ajman,3,15,20%,2.33
citytrack cars services detailing & bodyshop sharjah,2,2571,0.08%,4.03
prowash 85,2,1752,0.11%,5.35
perfect cars | used car dealers in abu dhabi,2,1289,0.16%,4.98
"landmark int auto spare parts trading llc, abudhabi abu dhabi",2,1123,0.18%,4.61
recovery fujairah,2,957,0.21%,5.83
auto experts vehicle maintenance,2,941,0.21%,5.69
wheel to wheel,2,939,0.21%,6.95
leadright protech abu dhabi,2,922,0.22%,7.64
"mitsubishi motors showroom - szr, dubai - al habtoor motors",2,773,0.26%,3.69
al-futtaim automall - dubai festival city photos,2,755,0.26%,6.77
pitstop automotive services llc,2,735,0.27%,9.13
red dot auto repair,2,723,0.28%,5.41
munich auto parts trading llc | german car parts uae,2,722,0.28%,8.02
byd alain,2,721,0.28%,5.3
enoc | 1029 | discovery gardens reviews,2,704,0.28%,4.55
"ashok leyland bus , swaidan trading co.llc. ( al naboodah ), abudhabi abu 
dhabi",2,703,0.28%,4.01
prowash - 1050 reviews,2,647,0.31%,2.81
carnab uae,2,611,0.33%,7.43
blue bird car wash,2,607,0.33%,3.61
"tank, haval and gwm showroom - sharjah",2,588,0.34%,3.53
ag cars mussafah,2,568,0.35%,7.19
oh my car,2,558,0.36%,7.87
ag cars services llc abu dhabi reviews,2,550,0.36%,4.24
mkn garage,2,519,0.39%,9.17
biba car wash,2,500,0.4%,8.04
royal tiger auto repair workshop,2,496,0.4%,3.58
oasis carwash abu dhabi,2,490,0.41%,4.25
ajman recovery service,2,489,0.41%,26.12
good steam auto center,2,482,0.41%,7.4
suzuki showroom sharjah photos,2,450,0.44%,6.76
abu ismail tyre repair shop,2,448,0.45%,3.98
xpeng dubai showroom - gulf star motors - ali and sons,2,423,0.47%,5.79
used cars in ras al khaimah,2,401,0.5%,18.33
epic repair a car,2,399,0.5%,6.56
سميرة لقطع غيار السيارات عجمان,2,390,0.51%,8.43
car accessories ajman,2,384,0.52%,10.15
souq al haraj,2,380,0.53%,35.06
baghdadi spare parts ajman,2,377,0.53%,11.27
perfect cars mussafah,2,368,0.54%,4.88
prowash - 85,2,362,0.55%,5.64
geely al ain,2,338,0.59%,5.26
smart repair auto services,2,325,0.62%,8.21
amc motors trading llc dubai,2,319,0.63%,10.22
al nawras tyres trading llc,2,305,0.66%,3.17
elite shine ras al khor photos,2,292,0.68%,5.6
toyota fujairah,2,291,0.69%,7.46
auto nation cars,2,280,0.71%,6.04
gulf auto spare parts,2,272,0.74%,5.25
car24 abu dhabi,2,271,0.74%,10.61
chery service center abu dhabi,2,268,0.75%,6.63
baghdad auto spare parts ajman,2,268,0.75%,13.39
ashok leyland abu dhabi,2,265,0.75%,5.38
towing service near me,2,265,0.75%,34.59
baniyas cars showroom dubai,2,258,0.78%,8.18
german tech motors llc,2,250,0.8%,7.42
gwm showroom,2,243,0.82%,7.18
zodiac garage abu dhabi,2,239,0.84%,6.23
tyre shop madinat zayed,2,236,0.85%,10.8
premier auto spare parts,2,235,0.85%,10.55
sharjah recovery number,2,230,0.87%,20.53
"jetour showroom - rabdan, abu dhabi, uae photos",2,228,0.88%,4.67
classic steam car wash,2,227,0.88%,3.55
golden workshop reviews,2,225,0.89%,8.43
"exeed, al ghurair motors | al ittihad road photos",2,208,0.96%,6.01
al ahram auto spare parts llc,2,205,0.98%,9.1
nano car tinting (nanoz) | dubai,2,202,0.99%,5.21
ssgasia,2,198,1.01%,8.09
lizof car,2,185,1.08%,5.46
prowash near me,2,176,1.14%,24.79
tyre shop ruwais,2,172,1.16%,5.58
dubizzle cars hub musaffah abu dhabi reviews,2,170,1.18%,3.31
bright moon auto repair workshop l.l.c,2,167,1.2%,4.84
"ring road auto spare parts tr llc, hyundai & kia-ajman",2,165,1.21%,3.18
speedway auto spare parts,2,164,1.22%,11.83
emiratione motors,2,163,1.23%,7.44
car wash mussafah,2,162,1.23%,13.67
turbo link auto accessories trading,2,153,1.31%,6.48
baic showroom abu dhabi,2,147,1.36%,5.36
protech battery and auto accessories,2,146,1.37%,8.14
keno car wash,2,146,1.37%,12.32
used cars for sale mussafah,2,140,1.43%,26.19
very easy car,2,139,1.44%,7.71
exeed service center abu dhabi,2,138,1.45%,10.25
rain bird auto spare parts,2,134,1.49%,10.03
easy spare parts,2,131,1.53%,8.82
pro wash 73,2,126,1.59%,3.64
das center ajman,2,126,1.59%,6.19
car detailing sharjah,2,126,1.59%,45.22
autopro 7511,2,121,1.65%,3.63
autonation ras al khaimah,2,120,1.67%,6.65
oasis car wash rabdan,2,118,1.69%,3.14
nissan spare parts mussafah,2,115,1.74%,9.51
enoc car wash near me,2,108,1.85%,6.4
car wash shabiya,2,105,1.9%,7.9
tuning uae customs garage body shop,2,103,1.94%,6.05
autonation used cars,2,102,1.96%,5.68
burj khyber car auction,2,98,2.04%,7.2
dubizzle cars hub musaffah abu dhabi photos,2,95,2.11%,6.39
pitstop automotive services llc (an agmc company) - abu dhabi,2,93,2.15%,3.33
telal al khaleej,2,92,2.17%,9.79
spare parts mussafah,2,82,2.44%,22.35
"tank, haval and gwm showroom - sharjah reviews",2,80,2.5%,3.3
masterclass automotive,2,78,2.56%,8.5
ajman used car market,2,76,2.63%,21.04
برج خيبر لمزاد السيارات,2,73,2.74%,8.95
baic abu dhabi - marwan alshaali group,2,72,2.78%,2.89
dongfeng abu dhabi - mahy khoory automotive أبو ظبي,2,72,2.78%,3.12
ring road auto spare parts ajman,2,72,2.78%,3.53
alzayan auto spare parts l.l.c.,2,69,2.9%,6
used cars abu dhabi,2,68,2.94%,2.35
mg spare parts sharjah,2,68,2.94%,14.69
car nab,2,67,2.99%,8.96
مغسلة سيارات قريبة مني,2,65,3.08%,2.29
al ain star auto spare parts,2,64,3.12%,6.7
popular spare parts sharjah,2,62,3.23%,7.35
مزاد خيبر,2,62,3.23%,9.19
perfect car,2,53,3.77%,7.47
perfect automobiles,2,51,3.92%,14.61
royal track,2,49,4.08%,5.96
pre owned cars sharjah,2,45,4.44%,54.33
chinese spare parts,2,38,5.26%,27.32
top grade mobile car battery replacement abu dhabi,2,37,5.41%,5.27
burj khaibar,2,36,5.56%,7.94
arab car wash,2,35,5.71%,3.03
ajman car souq used cars,2,35,5.71%,8.51
elegant car wash,2,34,5.88%,3.26
avatr dubai showroom reviews,2,32,6.25%,5.59
car battery,2,31,6.45%,8.23
elite auto fzc,2,30,6.67%,3.43
car recovery sharjah price,2,30,6.67%,9.57
auto mart motors,2,29,6.9%,6.38
cheap car wash near me,2,27,7.41%,2.33
partfinder® uae | car spare parts photos,2,23,8.7%,9.48
bombay spare parts,2,22,9.09%,5.41
extreme auto care,2,19,10.53%,4.84
gas station near me,2,18,11.11%,1.39
car interior deep cleaning,2,17,11.76%,1.94
automatic car wash near me,2,17,11.76%,2.65
mg used auto engines & spare parts sharjah uae,2,17,11.76%,4.12
car polish,2,12,16.67%,3.25
water wash near me,2,10,20%,3.2
ghayar uae,2,10,20%,15.2
ssg-asia parts catalogue,2,6,33.33%,7
auto car wash,2,6,33.33%,16.17
recovery services abu dhabi,2,6,33.33%,37.17
abu dhabi used cars showroom,2,5,40%,1.6
interior car wash near me,2,5,40%,1.8
ajman second hand car market,2,4,50%,1
scrap fujairah,2,3,66.67%,4.67
dubai car wash company,2,2,100%,1
wheel to wheel auto service station reviews,1,3995,0.03%,5.34
mazda showroom dubai,1,2322,0.04%,9.36
"jetour showroom - rabdan, abu dhabi, uae أبو ظبي",1,1746,0.06%,6.86
al adraj new auto spare parts tr.,1,1742,0.06%,8.6
jetour showroom abu dhabi,1,1625,0.06%,8.81
firstpro car care(al,1,1552,0.06%,10.62
kavak - buy & sell used cars - jebel ali - dubai reviews,1,1503,0.07%,9.64
ag cars services sharjah,1,1462,0.07%,7.92
mitsubishi service center al quoz,1,1441,0.07%,10.89
ag cars sharjah,1,1440,0.07%,8.84
prowash - 1060 reviews,1,1253,0.08%,5.23
prowash - 85 reviews,1,1240,0.08%,4.13
mazda showroom - dubai sheikh zayed rd- galadari automobiles,1,1186,0.08%,9.09
prowash - 7825 dubai reviews,1,1166,0.09%,4.17
volkswagen service center dubai,1,1046,0.1%,58.91
lexus showroom dfc,1,1041,0.1%,9.15
prowash - 1075 reviews,1,982,0.1%,2.79
humaid ali trading al quoz,1,969,0.1%,5.85
ag cars services sharjah reviews,1,933,0.11%,4.87
car fair deal,1,925,0.11%,7.8
"jetour showroom - rabdan, abu dhabi, uae",1,923,0.11%,6.78
landmark ras al khor,1,919,0.11%,8.67
suzuki showroom sharjah,1,901,0.11%,10.53
prowash 1079,1,891,0.11%,6.56
"battmobile - car battery replacement dubai, oil change service in dubai, 
car repair",1,855,0.12%,7.82
land rover authorised repairer premier motors abu dhabi,1,806,0.12%,4.9
enoc jvc,1,800,0.12%,7.39
xa auto general repairing,1,782,0.13%,9.07
fujairah recovery service,1,768,0.13%,8.35
munich auto parts,1,754,0.13%,9.54
copart sharjah,1,742,0.13%,6.67
pro wash motor city,1,733,0.14%,7.7
lexus showroom abu dhabi,1,723,0.14%,8.6
divine autos ajman,1,706,0.14%,6.11
smart move car wash,1,677,0.15%,6.88
bawabat al khaleej car service center reviews,1,654,0.15%,6.52
gwm abu dhabi,1,621,0.16%,9.82
auto master garage fujairah,1,618,0.16%,8.39
grand service station al warqa,1,616,0.16%,8.52
"landmark int auto spare parts trading llc, al quoz, dubai",1,612,0.16%,5.99
mg motor service center - abu dhabi photos,1,585,0.17%,6.03
byd showroom & discovery center – al ain,1,579,0.17%,4.75
bp champion car wash,1,574,0.17%,4.57
byd showroom & discovery center - abu dhabi أبو ظبي,1,567,0.18%,7.46
car detailing abu dhabi,1,567,0.18%,71.02
autotrust abu dhabi,1,561,0.18%,6.61
kavak - buy & sell used cars - jebel ali - dubai,1,545,0.18%,8.91
raji auto parts,1,544,0.18%,7.54
champion car wash,1,543,0.18%,9.82
dubizzle cars hub musaffah abu dhabi,1,540,0.19%,5.62
glitz car care,1,529,0.19%,8.4
byd showroom and discovery center - abu dhabi reviews,1,522,0.19%,5.21
fountain blue auto repairing,1,520,0.19%,7.55
recovery dubai,1,513,0.19%,56.07
amc motors trading llc reviews,1,509,0.2%,9.55
haval showroom abu dhabi,1,508,0.2%,9.52
adnoc khalifa city,1,496,0.2%,9.65
auto koorosh,1,480,0.21%,10.94
enoc | 1077 | jvc,1,475,0.21%,6.11
"haval, tank and gwm showroom - abu dhabi",1,475,0.21%,6.9
jetour showroom - al quoz photos,1,466,0.21%,4.49
suzuki showroom abu dhabi photos,1,466,0.21%,6.67
joker automotive,1,460,0.22%,8.58
jahan auto,1,456,0.22%,6.46
pro wash,1,452,0.22%,18.48
recovery ajman,1,447,0.22%,24.96
prowash motor city,1,445,0.22%,5.42
enoc discovery gardens,1,445,0.22%,6.64
imc recovery,1,442,0.23%,7.91
best auto parts al ain,1,423,0.24%,7.4
one of one auto repairing,1,420,0.24%,8.48
carnab,1,418,0.24%,9.19
auto pro motor city,1,412,0.24%,6.41
auto trust,1,409,0.24%,6.9
enoc 1077,1,406,0.25%,4.73
p zero world - pirelli aht,1,403,0.25%,7.23
nanoz,1,400,0.25%,9.17
parts gallery ras al khor,1,397,0.25%,6.72
red planet auto new spare parts tr llc - sharjah,1,393,0.25%,5.25
salute garage,1,391,0.26%,4.45
mega motorcycle spare parts trading llc,1,385,0.26%,6.91
cars24 barsha heights,1,379,0.26%,5.23
xa auto,1,375,0.27%,8.18
red planet auto spare parts,1,373,0.27%,5.84
window tinting ras al khor,1,372,0.27%,19.96
al-futtaim automall - dubai festival city,1,370,0.27%,10.16
nissan showroom najda street,1,369,0.27%,10.91
ppf coating near me,1,369,0.27%,62.73
tow truck near me,1,365,0.27%,11.74
3m expert touch car care,1,363,0.28%,6.58
autopro 7085,1,362,0.28%,3.05
prowash - 1076,1,358,0.28%,3.69
citytrack cars services detailing & bodyshop sharjah reviews,1,350,0.29%,3.53
princess cars dubai,1,349,0.29%,8.28
recovery sharjah,1,347,0.29%,33.1
lizof car care,1,346,0.29%,5.57
copart uae,1,346,0.29%,28.41
qmp auto spare parts,1,344,0.29%,7.35
exeed - corniche أبو ظبي,1,339,0.29%,6.7
oasis car wash abu dhabi,1,339,0.29%,6.8
bosch car service - al diyar auto repairing street,1,335,0.3%,2.71
byd showroom & discovery center - abu dhabi photos,1,333,0.3%,5.8
prowash 1060,1,332,0.3%,6.06
noor al najah auto parts trading,1,328,0.3%,7.25
premier auto spare parts sharjah,1,327,0.31%,8.31
byd showroom al ain,1,325,0.31%,4.89
carnab reviews,1,325,0.31%,8.84
gwm showroom abu dhabi,1,321,0.31%,8.62
pal auto garage (br.) dip 1 - pal platina - tesla approved bodyshop dubai,1,318,0.31%,7.12
car recovery fujairah,1,315,0.32%,9.57
gargash auto repair al quoz,1,308,0.32%,10.17
maxus sharjah,1,304,0.33%,5.98
ruwais garage,1,303,0.33%,8.06
"deutsches auto service center- dascenter- ajman - german car specialists 
garage (audi-bmw-vw-mercedes-porsche)",1,299,0.33%,3.42
liberty auto spare parts,1,299,0.33%,8.06
cars24 barsha,1,298,0.34%,4.89
autopro - 7085,1,296,0.34%,3.26
lexus showroom - dubai szr,1,288,0.35%,7.57
warsan car wash,1,285,0.35%,5.91
marhaba auctions - souq al haraj,1,277,0.36%,8.3
al qarib auto spare parts,1,277,0.36%,8.95
oldtimer,1,275,0.36%,10.87
speedway auto spare parts ajman,1,273,0.37%,8.61
talas tesla,1,268,0.37%,6.46
popular spare parts,1,265,0.38%,29.15
لاند مارك العين,1,262,0.38%,9.12
carhub auto accessories abu dhabi photos,1,258,0.39%,8.41
landmark jurf,1,257,0.39%,4.58
kamdhenu cars abu dhabi uae - used premium & second hand cars,1,257,0.39%,6.07
prowash - 1085 reviews,1,252,0.4%,3.04
"motrox automotive - car oil change, car ac repair, car painting and 
polishing in al quoz, dubai reviews",1,245,0.41%,7.62
al futtaim automall dfc,1,243,0.41%,9.06
volvo showroom - dubai festival city,1,241,0.41%,7.78
range rover parts sharjah,1,241,0.41%,49.14
gxf car care,1,240,0.42%,5.9
amc motors trading llc ajman,1,238,0.42%,4.77
fasttrack emarat rak shamil ras al-khaimah,1,234,0.43%,6.29
quality motor parts llc,1,232,0.43%,6.31
galaxy german auto spare parts l.l.c,1,229,0.44%,8.93
perfect cars | used car dealers in abu dhabi reviews,1,228,0.44%,4.1
akmal auto spare parts,1,227,0.44%,7.67
lexus festival city,1,226,0.44%,8.61
used cars mussafah,1,225,0.44%,24.52
cars24 al barsha,1,222,0.45%,5.67
toyota airport road,1,222,0.45%,11.38
carsalfaris,1,221,0.45%,5.07
international motoring club reviews,1,221,0.45%,8.01
easy care auto service,1,220,0.45%,7.66
prowash - 7825 dubai,1,218,0.46%,3.38
al ruwais automobile services,1,217,0.46%,8.34
adnoc production city,1,213,0.47%,6.17
سكراب جوي,1,212,0.47%,6.34
munich spare parts,1,212,0.47%,9.18
toyota showroom - al ain photos,1,211,0.47%,9.34
havoline car wash,1,210,0.48%,4.52
amcc dubai,1,210,0.48%,9.07
car wash shabiya 10,1,208,0.48%,4.25
cars24 corporate office - al moosa tower 2 (#1503) dubai,1,207,0.48%,9.95
car recovery service ajman,1,204,0.49%,23.36
caroclock reviews,1,203,0.49%,9.87
nissan fujairah,1,202,0.5%,10.84
mechyard auto repair garage llc abu dhabi,1,200,0.5%,5.3
rukn al saja auto spare parts trading llc,1,200,0.5%,9.09
humaid ali trading,1,199,0.5%,6.26
prowash - 1203 ajman reviews,1,198,0.51%,3.35
dublin auto spare parts ras al khaimah,1,198,0.51%,8.82
al shaheen auto spare parts llc,1,193,0.52%,5.28
biba car wash service sharjah,1,193,0.52%,7.05
al ihsan used cars tr.,1,192,0.52%,8.11
princess cars,1,189,0.53%,8.94
al ahram auto spare parts,1,188,0.53%,9.7
car o' clock f.z.c reviews,1,187,0.53%,9.98
dascenter,1,187,0.53%,11.04
"jetour showroom - rabdan, abu dhabi, uae reviews",1,185,0.54%,5.7
mass auto repairing,1,183,0.55%,5.74
luxury lounge dubai,1,183,0.55%,12.67
emarat al ebdaa,1,182,0.55%,4.42
xa auto general repairing co llc - tesla approved bodyshop dubai reviews,1,182,0.55%,4.66
car recovery service,1,181,0.55%,56.41
al rostamani auto trust car dealer reviews,1,177,0.56%,4.54
al rafa car accessories,1,175,0.57%,8.27
autotrust,1,175,0.57%,17.44
toyota showroom musaffah,1,173,0.58%,9.03
kohinoor car washing llc,1,171,0.58%,4.13
master class auto service center reviews,1,171,0.58%,7.25
baghdad spare parts,1,167,0.6%,10.39
majid al majid auto spare parts,1,164,0.61%,4.72
rak motors,1,164,0.61%,12.49
al fajr auto spare parts,1,163,0.61%,6.12
"hot pistonz garage | 24/7 auto repair shop near you (audi, bmw, mercedes, 
volkswagen, bently, german cars, ford, gmc and more) dubai",1,162,0.62%,4.23
speed wheel car care,1,158,0.63%,5.22
germantech motors llc,1,158,0.63%,8.39
al futtaim automall dubai,1,158,0.63%,23.79
ditec sharjah,1,157,0.64%,3.37
eppco | 85 | tecom metro reviews,1,156,0.64%,4.68
maxus showroom,1,156,0.64%,13.88
ag-cars-services-abu-dhabi-1,1,155,0.65%,4.87
hino pickup and trucks(toyota) sales- al futtaim motors - musaffah abu dhabi,1,153,0.65%,2.21
toyota showroom - al wahda sharjah reviews,1,151,0.66%,8.81
das center,1,151,0.66%,8.95
services offered by wheel to wheel auto service station,1,150,0.67%,2.33
best auto parts m7,1,150,0.67%,6.19
used car ras al khaimah,1,149,0.67%,17.54
prowash dubai,1,148,0.68%,15.82
nissan showroom fujairah,1,146,0.68%,8.73
nissan khalidiya showroom,1,145,0.69%,15.14
jvc enoc,1,144,0.69%,7.37
ssg,1,143,0.7%,6.86
lizof,1,142,0.7%,5.84
best spare parts ajman,1,141,0.71%,8.26
mk1 customs,1,139,0.72%,4.02
sparemax auto spare parts,1,139,0.72%,7.53
janatha garage ajman reviews,1,139,0.72%,8.69
baniyas cars,1,139,0.72%,14.57
landmark spare parts ras al khor,1,138,0.72%,7.97
"al tayer motors, ford showroom sheikh zayed road photos",1,138,0.72%,8.3
maymoon auto spare parts co | ras al khor | dubai,1,137,0.73%,7.39
perfect automobiles trading l.l.c,1,136,0.74%,8.82
arabian cars tyres trading ras al khaimah,1,135,0.74%,4.59
adnoc car wash near me,1,134,0.75%,30.96
geely alain,1,133,0.75%,6.14
infiniti centre sharjah - arabian automobiles llc,1,133,0.75%,9.81
new euro autospare parts llc,1,132,0.76%,2.12
"22 a street, mardoof building, showroom 1, dubai, united arab emirates",1,132,0.76%,9.61
smartline auto spare parts,1,131,0.76%,7.98
al ras used cars trd ajman car souq showroom no 165,1,129,0.78%,2.4
near me recovery service,1,129,0.78%,11.07
volvo dfc,1,126,0.79%,5.18
"car mods modification-accessories & best car ppf & car wrapping services in 
dubai",1,126,0.79%,5.93
galadari trucks & heavy equipment - abu dhabi,1,125,0.8%,9.08
pro wash near me,1,125,0.8%,18.82
scrap car buyers in abu dhabi,1,125,0.8%,49.02
lusso car design llc,1,124,0.81%,7.17
jovintos auto spare parts,1,123,0.81%,6.43
protech battery replacement - abu dhabi,1,123,0.81%,7.89
al yaqoot washing car,1,121,0.83%,3.33
public spare parts mussafah,1,121,0.83%,4.65
premier spare parts,1,121,0.83%,13.46
galadari trucks & heavy equipment abu dhabi,1,121,0.83%,17.6
galadari preowned car showroom deira dubai,1,120,0.83%,7.67
al futtaim automall dalma mall,1,120,0.83%,8.82
milan motors dubai,1,120,0.83%,9.44
tyre shop umm al quwain,1,117,0.85%,8.75
adnoc near me,1,116,0.86%,15.97
steam car wash near me,1,116,0.86%,50.38
dublin auto spare parts trading llc,1,114,0.88%,7.95
gwm abu dhabi showroom,1,113,0.88%,16.46
steam wash near me,1,113,0.88%,22.9
first gear car polish and cleaning llc ajman,1,111,0.9%,4.79
recovery service near me,1,111,0.9%,30.45
perfect sign auto spare parts,1,110,0.91%,8.69
park lane motors,1,110,0.91%,23.78
bab al satwa car accessories upholstery llc,1,109,0.92%,6.11
bani yas impound yard,1,108,0.93%,7.88
world auto corporation,1,107,0.93%,8.14
city track cars sharjah,1,105,0.95%,6.34
steam wash car,1,105,0.95%,60.31
car recovery al barsha,1,104,0.96%,10.91
awawdeh auto spare parts,1,104,0.96%,14.19
ppf car,1,104,0.96%,75.62
al nakheel auto spare parts,1,102,0.98%,14.73
public spare parts,1,101,0.99%,6.83
carnab used cars,1,101,0.99%,7.32
divine autos,1,99,1.01%,6.03
popular auto parts abu dhabi,1,99,1.01%,17.82
sajid khan recovery service dubai reviews,1,98,1.02%,2.46
jeep showroom sharjah,1,98,1.02%,5.98
extra car showroom abu dhabi,1,97,1.03%,7.16
grace auto repair workshop reviews,1,96,1.04%,9.56
mobile car wash abu dhabi,1,96,1.04%,26.17
emiratione motors/watches photos,1,95,1.05%,4.27
jetour showroom near me,1,95,1.05%,11.55
yallamotor insurance,1,95,1.05%,14.26
prowash - 1099 reviews,1,94,1.06%,4.21
elite auto spare parts,1,94,1.06%,7.82
al-futtaim automall - dalma mall abu dhabi photos,1,94,1.06%,8.88
porsche centre abu dhabi – new cars showroom,1,94,1.06%,9.09
souq al haraj phase 2,1,93,1.08%,7.44
adnoc 917,1,93,1.08%,7.65
al ayyan new spare parts tr.,1,92,1.09%,7.04
wafi car wash,1,92,1.09%,8.88
tyre shop near me,1,91,1.1%,2.14
thuraya car wash,1,91,1.1%,7.25
ajman used car,1,91,1.1%,25.63
view car care,1,90,1.11%,6.98
drive zone auto parts & car accessories abu dhabi,1,89,1.12%,5.92
excel auto workshop,1,89,1.12%,8.9
creative eye printing & sign board,1,88,1.14%,3.98
mega motorcycle,1,88,1.14%,6.61
zarouni auto parts - ajman br2,1,88,1.14%,7.7
honda spare parts mussafah,1,88,1.14%,12.98
deenar spare parts,1,86,1.16%,7.91
ريكفري الفجيرة,1,86,1.16%,12.63
mitsubishi dubai,1,86,1.16%,35.79
manual car wash near me,1,85,1.18%,1.98
الامارات للمواقف ورسان,1,85,1.18%,4.32
first class car wash,1,85,1.18%,6.47
aaa recovery,1,85,1.18%,8.19
mitsubishi szr,1,84,1.19%,3.18
prowash 1076,1,84,1.19%,4.6
car wash sharjah,1,84,1.19%,19.44
milano motors dubai reviews,1,83,1.2%,8.01
car wash khalifa city,1,82,1.22%,13.28
tesla parts sharjah,1,81,1.23%,9.77
fix my car auto repair,1,80,1.25%,3.62
"mitsubishi motors showroom, service & parts - sharjah - al habtoor motors 
industrial area, industrial area 5",1,80,1.25%,3.66
tyre express,1,78,1.28%,10.87
al shibl car wash,1,77,1.3%,6.36
al ihsan used cars tr,1,77,1.3%,9.21
carzio,1,76,1.32%,6.58
epic car repair,1,76,1.32%,6.76
used gearbox for sale in sharjah,1,76,1.32%,21.12
pre owned cars ras al khaimah,1,74,1.35%,22.03
turbo shine car wash,1,73,1.37%,5.66
exeed al ghurair motors,1,73,1.37%,9.96
shiners,1,72,1.39%,6.1
"united motors & heavy equipment co. (l.l.c.) abu dhabi branch-street 16 
m35- man trucks | buses | wacker neuson | yale | mrf musaffah industrial",1,71,1.41%,3.45
cambay cars,1,71,1.41%,6.03
"royal track auto accessories, window tinting & upholstery, sharjah",1,70,1.43%,4.49
german tech motors llc sharjah,1,69,1.45%,6.59
sree auto spare parts trading llc (sasp),1,69,1.45%,6.7
byd showroom & discovery center – al ain photos,1,68,1.47%,1.62
a plus advertising llc,1,68,1.47%,9.76
carmate auto care llc reviews,1,66,1.52%,7.48
first gear ajman,1,65,1.54%,4.14
premier auto parts llc shj photos,1,65,1.54%,6.51
west city auto spare parts llc,1,65,1.54%,8.09
chinese car spare parts,1,65,1.54%,34.11
prowash - 1085,1,64,1.56%,2.48
the hawk auto machinery equipment,1,64,1.56%,3.64
yallafixmycar,1,64,1.56%,7.12
dream cars dubai used cars,1,64,1.56%,9.19
perfect cars showroom | car dealers in abu dhabi,1,63,1.59%,6.97
al futtaim ajman showroom,1,63,1.59%,8.63
prowash - 1077,1,62,1.61%,4.56
tyreplus al fahim mo,1,62,1.61%,5.18
baghdad spare parts sharjah,1,62,1.61%,7.94
pal platina reviews,1,61,1.64%,6.57
auto trust garage ras al khor,1,60,1.67%,9.52
ryno cars used cars,1,59,1.69%,5.59
albacars,1,59,1.69%,11.68
hamza scrap,1,58,1.72%,9.12
nxtcarsuae,1,57,1.75%,7.65
autotrust multi-brand car service centre - dubai reviews,1,57,1.75%,11.12
spare parts shop near me,1,56,1.79%,2.55
auto mall dfc,1,56,1.79%,6.16
al ras ref devices spare parts,1,56,1.79%,10.75
enoc | 1077 | jvc photos,1,55,1.82%,3.16
spare max sharjah,1,55,1.82%,9.73
ziqar car care reviews,1,54,1.85%,7.06
mg service center fujairah,1,54,1.85%,7.76
exeed car showroom abu dhabi,1,54,1.85%,7.96
snow valley automotive parts trading,1,53,1.89%,6.45
car wash abu dhabi,1,53,1.89%,18.4
elite shine uae,1,53,1.89%,19.45
kenz car wash,1,52,1.92%,5.12
car care centre llc/ moon car care/ carx auction llc dubai,1,52,1.92%,6.15
evergreen automobile trading fze,1,52,1.92%,6.42
fitwell auto spare parts trading llc,1,52,1.92%,8.85
car souq ajman,1,52,1.92%,9.9
al ekha auto spare parts,1,51,1.96%,7.02
autonation services,1,51,1.96%,10.12
ag cars services ras al khaimah,1,50,2%,10.52
mr mechanic,1,49,2.04%,3.18
volkswagen showroom mussafah new and certified used cars,1,48,2.08%,5.46
ssg asia auto parts,1,48,2.08%,6.48
allpartsae,1,48,2.08%,8.33
cars24 abu dhabi centre,1,48,2.08%,8.52
near recovery service,1,48,2.08%,17.19
petrol station near me,1,47,2.13%,1.23
cars for sale ras al khaimah,1,47,2.13%,23.6
kinetic auto service center,1,46,2.17%,3.8
aarya auto repair body shop reviews,1,46,2.17%,5.8
silkway cars,1,46,2.17%,16.02
souq al haraj sharjah,1,46,2.17%,32.48
stam garage,1,45,2.22%,4.84
prowash xtreme wash,1,45,2.22%,5.56
ali car accessories,1,45,2.22%,6.78
nippon garage,1,45,2.22%,7.71
one way car wash,1,44,2.27%,3.59
auto mart car accessories l.l.c,1,44,2.27%,4.16
bhperformance,1,44,2.27%,8
ahmed spare parts,1,44,2.27%,9.7
amc motors trading,1,43,2.33%,10.74
motorcycle spare parts dubai,1,43,2.33%,13.98
hyundai spare parts,1,42,2.38%,1.14
tesla spare parts sharjah,1,42,2.38%,9.1
steam car wash abu dhabi,1,42,2.38%,13.93
"haval, tank and gwm showroom - abu dhabi reviews",1,41,2.44%,9.76
car wash ajman,1,41,2.44%,16.2
souq al haraj used cars sharjah,1,41,2.44%,36.17
fasttrack emarat bawadi mall alain al ain reviews,1,40,2.5%,2.95
lucky car wash,1,40,2.5%,3.12
offroad revolution car parts l.l.c,1,40,2.5%,3.33
tornado car accessories & graphics,1,40,2.5%,7.05
jetour abu dhabi photos,1,40,2.5%,9.78
ajman used cars market location,1,40,2.5%,15.4
car detailing ajman,1,39,2.56%,3.87
liberty car wash mussafah,1,39,2.56%,4.38
walid asaad cars,1,39,2.56%,6.26
مزاد برج خيبر,1,39,2.56%,10.13
yas car wash,1,39,2.56%,15.54
jvc garage,1,38,2.63%,7.5
wtc car wash,1,38,2.63%,7.89
autotrust used cars,1,38,2.63%,8.39
best auto spare parts ajman,1,38,2.63%,9.26
carology dubai,1,38,2.63%,10.03
adnoc,1,36,2.78%,2.25
topgear detailing ajman,1,36,2.78%,6.42
vw sharjah,1,36,2.78%,14.92
car recovery ras al khaimah,1,36,2.78%,23.75
ebla motors,1,35,2.86%,4.11
برج خيبر للمزادات,1,35,2.86%,10.06
car recovery dubai al barsha,1,35,2.86%,14.09
dreams car dubai,1,35,2.86%,20.94
car accessories dubai,1,34,2.94%,1.88
ineos grenadier uae dealer,1,34,2.94%,9.68
spare parts al quoz,1,34,2.94%,9.88
kia spare parts ajman,1,34,2.94%,10.91
china car parts,1,34,2.94%,33.56
car recovery abu dhabi 24 hours,1,34,2.94%,68.18
humaid ali trading sharjah,1,33,3.03%,8.18
car mc,1,32,3.12%,9.34
byd showroom & discovery center – al ain reviews,1,31,3.23%,2.45
hyundai and kia - rain bird auto spare parts abu dhabi,1,31,3.23%,5.19
recovery service ajman,1,31,3.23%,8.13
sanaya garage,1,31,3.23%,9.13
used car showroom in abu dhabi,1,31,3.23%,45.68
enoc pro wash near me,1,30,3.33%,5.07
naoki automotive systems llc,1,30,3.33%,9.5
universal auto garage,1,30,3.33%,11.93
pre owned cars fujairah,1,30,3.33%,17.63
spark auto parts,1,29,3.45%,4.66
voyah showroom abu dhabi,1,29,3.45%,5.93
full down sports recovery,1,29,3.45%,6.07
porsche fujairah,1,29,3.45%,11.38
car washing center near me,1,28,3.57%,1.89
flex car wash,1,28,3.57%,4.93
tesla mirdif city center,1,28,3.57%,7.32
kl7 autocare,1,28,3.57%,7.82
mega spare parts,1,28,3.57%,8.21
car wash home service ras al khaimah,1,28,3.57%,12.86
gss jumeirah,1,27,3.7%,6.22
hongqi fujairah,1,27,3.7%,6.78
we buy any car abu dhabi,1,27,3.7%,41.96
byd showroom and discovery center - abu dhabi photos,1,26,3.85%,5.23
car spare parts ras al khaimah,1,26,3.85%,24.38
korean auto parts,1,26,3.85%,49.92
غسيل سيارات قريب مني,1,25,4%,1.76
yes,1,25,4%,4.48
car spare parts near me,1,24,4.17%,1.75
best car wash near me,1,24,4.17%,3.21
autopro car wash,1,24,4.17%,5.04
deluxe car wash,1,24,4.17%,6.58
car wash in dubai,1,24,4.17%,7.96
desire auto services,1,24,4.17%,11.38
turbo spa,1,23,4.35%,2.48
prowash85,1,23,4.35%,5.17
second hand cars ras al khaimah,1,23,4.35%,6.26
bab al rola used cars,1,23,4.35%,6.83
baniyas cars showroom llc,1,23,4.35%,8.61
second hand cars sharjah,1,23,4.35%,10.78
ras al khaimah used cars,1,23,4.35%,12.7
rent a car ras al khaimah,1,22,4.55%,1.09
bab al satwa car accessories upholstery llc dubai,1,22,4.55%,5.14
autoneeds car repairing workshop,1,22,4.55%,5.73
mg used parts,1,22,4.55%,6.05
zee speed auto repair llc,1,22,4.55%,8.32
3m pro shop dealer,1,22,4.55%,8.68
part finder uae,1,22,4.55%,11.77
mumtaz auto spare parts,1,22,4.55%,17.55
peugeot al ain,1,22,4.55%,20.45
byd showroom & discovery center – al ain الصور,1,21,4.76%,2.33
carz hub,1,21,4.76%,3.81
chery car service center,1,21,4.76%,5.95
car wrapping near me,1,21,4.76%,27.81
royal street cars uae,1,20,5%,1
carzio trading fze,1,20,5%,2.55
car accessories,1,20,5%,3.6
ssg asia catalogue,1,20,5%,6.85
used car abu dhabi,1,20,5%,7.1
atomic auto spare parts trading llc,1,20,5%,8.2
automalluae.com,1,20,5%,8.55
rolls royce used parts sharjah,1,20,5%,9.05
ppf near me,1,20,5%,39.65
car wash motor city,1,19,5.26%,3.89
max 1 motors,1,19,5.26%,5.79
mobile car wash ras al khaimah,1,19,5.26%,13.68
nissan spare parts abu dhabi,1,19,5.26%,26.47
ajman car souq timings,1,18,5.56%,3.11
used car showroom near me,1,18,5.56%,3.78
car wash international city,1,18,5.56%,4.56
seven brothers used cars,1,18,5.56%,7.72
kavak - buy and sell used cars - jebel ali - dubai used cars,1,18,5.56%,8.5
tire ae abu dhabi,1,18,5.56%,15.17
urwa auto spare parts,1,17,5.88%,1.94
car garage near me,1,17,5.88%,5.47
auto spare parts sharjah industrial area,1,17,5.88%,9.29
alex renner motors,1,17,5.88%,9.41
"popular auto parts | top car spare parts & automobile accessories supplier 
in abu dhabi, uae",1,17,5.88%,10
steer well auto sharjah,1,17,5.88%,11
united motors & heavy equipment,1,17,5.88%,14.47
easy auto service,1,17,5.88%,15.12
awr used cars,1,17,5.88%,19.82
buy used cars in abu dhabi,1,17,5.88%,47.94
bayan advertising,1,16,6.25%,6.88
abaza carbon,1,16,6.25%,9.31
mg parts sharjah,1,16,6.25%,13.06
smart auto care,1,16,6.25%,22.94
galadari trucks and heavy equipment,1,16,6.25%,33.12
premium car wash,1,16,6.25%,49.69
trading enterprises,1,16,6.25%,51.88
scrap buyers near me,1,15,6.67%,1.4
soueast abu dhabi showroom,1,15,6.67%,4.87
car wash dubai south,1,15,6.67%,6.4
car mechanic near me,1,15,6.67%,7.13
xpeng abu dhabi showroom,1,15,6.67%,9.67
hino trucks,1,14,7.14%,3.71
xpeng uae dealer,1,14,7.14%,5.43
mobile car wash khalifa city,1,14,7.14%,6.5
xclusive car care,1,14,7.14%,6.71
car detailing fujairah,1,14,7.14%,9
car wash in international city,1,14,7.14%,12.07
adnoc auto car wash,1,14,7.14%,21.14
car parts abu dhabi,1,14,7.14%,31.93
auto pro wash,1,14,7.14%,33.64
nearby car wash,1,13,7.69%,2.54
toyota spare parts,1,13,7.69%,2.92
gwm,1,13,7.69%,4.54
mobile car wash ajman,1,13,7.69%,5.23
defender auto spare parts,1,13,7.69%,5.69
chinese car parts llc,1,13,7.69%,7.15
gwm location,1,13,7.69%,7.92
honda spare parts ras al khor,1,13,7.69%,8.23
quartz auto services,1,13,7.69%,8.69
zee garage,1,13,7.69%,8.69
umar and sons trading co llc,1,13,7.69%,9.46
munich auto parts trading llc german car parts uae,1,13,7.69%,9.85
ras al khaimah used car market,1,13,7.69%,14.69
adnoc car wash sharjah,1,13,7.69%,17.23
buy used car in abu dhabi,1,13,7.69%,44.69
car accessories wholesale market in sharjah,1,12,8.33%,5.17
the partfinder uae,1,12,8.33%,7.67
recovery service ras al khaimah,1,12,8.33%,12.83
auto parts al quoz,1,12,8.33%,19.92
car wash adnoc,1,12,8.33%,21.08
second hand car parts near me,1,12,8.33%,34.75
madinat zayed recovery,1,11,9.09%,3.27
auto nation used cars,1,11,9.09%,4.36
baza ae,1,11,9.09%,6.82
adnoc vehicle inspection centre baniyas,1,11,9.09%,7.45
hyundai spare parts ras al khaimah,1,11,9.09%,8.55
emirati one motors dubai,1,11,9.09%,9.55
best garage in al quoz,1,11,9.09%,28.91
near me car wash,1,10,10%,1.1
al nayef car accessories fujairah,1,10,10%,3.1
auto spare parts shop near me,1,10,10%,4.3
keno car wash dubai,1,10,10%,8
near me recovery vehicle,1,10,10%,8.3
spare parts shop in sharjah,1,9,11.11%,1
vehicle spare parts shop near me,1,9,11.11%,1.44
car cleaning,1,9,11.11%,1.89
car wash 24 hours near me,1,9,11.11%,3
tesla city center mirdif pop up dubai photos,1,9,11.11%,3.44
نعم,1,9,11.11%,4.78
car spare parts shop near me,1,9,11.11%,5.22
motorworks auto garage llc,1,9,11.11%,7.44
nissan certified pre owned near me,1,9,11.11%,8
exceed car showroom,1,9,11.11%,8.78
car battery replacement,1,9,11.11%,11.56
rak recovery,1,9,11.11%,12.89
car wash shop near me,1,8,12.5%,1
hino,1,8,12.5%,2.75
غسيل سيارات متنقل ابوظبي,1,8,12.5%,7.38
eko car care services,1,8,12.5%,9.75
urban car washing,1,8,12.5%,10
لاند مارك لقطع غيار السيارات,1,8,12.5%,17
car tinting abu dhabi,1,8,12.5%,73.25
adnoc vehicle inspection centre near me,1,7,14.29%,1
steam car wash price in sharjah,1,7,14.29%,1
spare max,1,7,14.29%,2.14
used cars in ras al khaimah nakheel toyota,1,7,14.29%,2.29
mussafah spare parts shop,1,7,14.29%,4.29
sad alrafisah photos,1,7,14.29%,4.43
ppf color wrap,1,7,14.29%,5.43
ali recovery,1,7,14.29%,5.57
jack showroom near me,1,7,14.29%,6.86
friends car wash,1,7,14.29%,7.71
kings auto garage dubai,1,7,14.29%,9
expat auto,1,7,14.29%,10
the partfinder™ uae | car spare parts photos,1,7,14.29%,10.57
suzuki spare parts al quoz,1,7,14.29%,10.86
autopro wash near me,1,7,14.29%,15
kia spare parts abu dhabi,1,7,14.29%,32.29
link global auto spare parts,1,6,16.67%,1
rent a car mussafah,1,6,16.67%,1
vehicle sticker shop near me,1,6,16.67%,1.33
auto accessories,1,6,16.67%,1.83
flex car wash polish & detailing abu dhabi,1,6,16.67%,2
second hand cars,1,6,16.67%,2.17
al ain used car market,1,6,16.67%,2.5
hyper voitures fzc,1,6,16.67%,4.5
kia spare parts near me,1,6,16.67%,4.67
i care car express,1,6,16.67%,4.83
perfect used car,1,6,16.67%,6.5
اوتو ترست,1,6,16.67%,9.5
dreams car,1,6,16.67%,10.33
dacca auto spare parts,1,6,16.67%,11.33
car washing sharjah,1,5,20%,1.2
used car spare parts near me,1,5,20%,2.8
1077 enoc,1,5,20%,4.2
hero car wash,1,5,20%,5
wash nation,1,5,20%,5.2
safari carwash,1,5,20%,9
tesla service center,1,5,20%,16.4
car spare parts in sharjah,1,5,20%,41.2
mazda parts dubai,1,4,25%,1
service station near me,1,4,25%,1
tire repair near me,1,4,25%,1
ريكفري,1,4,25%,1
used cars showroom near me,1,4,25%,1.25
car wash offers near me,1,4,25%,1.5
chery uae,1,4,25%,2
tyre change shop near me,1,4,25%,2
crane rental sharjah,1,4,25%,2.5
first gear,1,4,25%,2.75
buy any car,1,4,25%,3.5
car flair,1,4,25%,6.5
ezyauto,1,4,25%,6.75
xpressauto,1,4,25%,7
best auto parts mussafah 7,1,4,25%,8.5
spareparts.me,1,4,25%,12
sharjah car auction,1,4,25%,16.75
al habtoor royal car abu dhabi,1,4,25%,19.25
tristar auto parts,1,4,25%,32
dubai recovery service 24hrs,1,4,25%,43
car parts in sharjah,1,3,33.33%,1
mg parts near me,1,3,33.33%,1
scrap car parts near me,1,3,33.33%,1
taxi near me,1,3,33.33%,1
الهامور لتأجير السيارات العين,1,3,33.33%,1
second hand car for sale,1,3,33.33%,1.33
مغسله,1,3,33.33%,1.33
easy auto dealership,1,3,33.33%,2
car cleaner,1,3,33.33%,2.33
monza plus,1,3,33.33%,2.33
phoenix auto parts,1,3,33.33%,2.33
car rental al ain,1,3,33.33%,3.33
interior car cleaning near me,1,3,33.33%,3.67
atlas used auto parts,1,3,33.33%,4
burj khaibar cars auctions branch 1,1,3,33.33%,4
cars fair,1,3,33.33%,4
m9 store,1,3,33.33%,4
sky land car,1,3,33.33%,6
jano,1,3,33.33%,8
ssg asia parts catalogue,1,3,33.33%,10.33
recovery services in dubai,1,3,33.33%,10.67
nxt certified cars,1,3,33.33%,16
car wash near discovery gardens,1,3,33.33%,18
recover near me,1,3,33.33%,23
silkway auto,1,3,33.33%,28
bright moon,1,2,50%,1
buy used cars near me,1,2,50%,1
car wash services near me,1,2,50%,1
forklift spare parts near me,1,2,50%,1
one motors dubai,1,2,50%,1
tyres near me,1,2,50%,1
used car in showroom,1,2,50%,1
vehicle wrapping,1,2,50%,1
برو واش,1,2,50%,1
مغسل سيارات,1,2,50%,1
car wrapping ajman price,1,2,50%,1.5
diesel car wash,1,2,50%,1.5
used car market,1,2,50%,1.5
مزاد السيارات المصدومة في الشارقة,1,2,50%,1.5
al yousef accessories,1,2,50%,2
salik tag near me,1,2,50%,2
toyota dubai,1,2,50%,2
بايك,1,2,50%,2
carpet wash near me,1,2,50%,2.5
delta parts,1,2,50%,2.5
premier,1,2,50%,2.5
auto easy,1,2,50%,3
car ac filling near me,1,2,50%,3
car care near me,1,2,50%,3
car rent near me,1,2,50%,3
car auction in sharjah,1,2,50%,4
car denting and painting ajman,1,2,50%,4
used car on installment in ajman,1,2,50%,4
used car shop near me,1,2,50%,5
kia genuine parts,1,2,50%,5.5
byd car showroom near me,1,2,50%,6
future auto,1,2,50%,6
city mall car wash,1,2,50%,8
tyre shop,1,2,50%,8.5
chittagong car wash,1,2,50%,9
china car parts market,1,2,50%,11.5
معرض سوزوكي,1,2,50%,14.5
car tinting in sharjah,1,2,50%,32
cars repair,1,2,50%,40